"Tag","Tier","academia","admiralty","army_reserves","artillery","atmospheric_engine","banking","central_archives","central_banking","centralization","colonization","corporate_charters","cotton_gin","currency_standards","democracy","dialectics","distillation","drydocks","egalitarianism","empiricism","enclosure","fractional_distillation","general_staff","gunsmithing","human_rights","intensive_agriculture","international_relations","international_trade","joint_stock_companies","labor_movement","lathe","law_enforcement","line_infantry","mandatory_service","manufacturies","mass_communication","mechanical_tools","medical_degrees","military_drill","napoleonic_warfare","navigation","percussion_cap","power_of_the_purse","prospecting","railways","rationalism","romanticism","screw_frigate","sericulture","shaft_mining","standing_army","steelworking","stock_exchange","tech_bureaucracy","urban_planning","urbanization"
"ABS","6","0","0","0","0","0","0","0","0","0","0","0","0","0","0","0","0","0","0","0","1","0","0","0","0","0","0","0","0","0","0","0","0","0","0","0","0","0","0","0","0","0","0","0","0","0","0","0","0","0","1","0","0","0","0","1"
"ABU","4","0","1","0","1","0","0","0","0","1","0","0","0","0","1","0","1","1","0","0","1","0","0","1","0","0","1","1","0","0","0","0","0","0","1","0","0","0","1","0","1","0","0","1","0","1","0","0","0","1","1","1","0","1","0","1"
"ACE","4","0","1","0","1","0","0","0","0","1","0","0","0","0","1","0","1","1","0","0","1","0","0","1","0","0","1","1","0","0","0","0","0","0","1","0","0","0","1","0","1","0","0","1","0","1","0","0","0","1","1","1","0","1","0","1"
"ACH","7","0","0","0","0","0","0","0","0","0","0","0","0","0","0","0","0","0","0","0","0","0","0","0","0","0","0","0","0","0","0","0","0","0","0","0","0","0","0","0","0","0","0","0","0","0","0","0","0","0","0","0","0","0","0","0"
"ADG","6","0","0","0","0","0","0","0","0","0","0","0","0","0","0","0","0","0","0","0","1","0","0","0","0","0","0","0","0","0","0","0","0","0","0","0","0","0","0","0","0","0","0","0","0","0","0","0","0","0","1","0","0","0","0","1"
"ADR","6","0","0","0","0","0","0","0","0","0","0","0","0","0","0","0","0","0","0","0","1","0","0","0","0","0","0","0","0","0","0","0","0","0","0","0","0","0","0","0","0","0","0","0","0","0","0","0","0","0","1","0","0","0","0","1"
"AGC","5","0","0","0","0","0","0","0","0","0","0","0","0","0","0","0","0","0","0","0","1","0","0","0","0","0","0","1","0","0","0","0","0","0","1","0","0","0","1","0","1","0","0","0","0","1","0","0","0","1","1","0","0","1","0","1"
"AHG","6","0","0","0","0","0","0","0","0","0","0","0","0","0","0","0","0","0","0","0","1","0","0","0","0","0","0","0","0","0","0","0","0","0","0","0","0","0","0","0","0","0","0","0","0","0","0","0","0","0","1","0","0","0","0","1"
"AIN","7","0","0","0","0","0","0","0","0","0","0","0","0","0","0","0","0","0","0","0","0","0","0","0","0","0","0","0","0","0","0","0","0","0","0","0","0","0","0","0","0","0","0","0","0","0","0","0","0","0","0","0","0","0","0","0"
"AIR","6","0","0","0","0","0","0","0","0","0","0","0","0","0","0","0","0","0","0","0","1","0","0","0","0","0","0","0","0","0","0","0","0","0","0","0","0","0","0","0","0","0","0","0","0","0","0","0","0","0","1","0","0","0","0","1"
"AIT","4","0","1","0","1","0","0","0","0","1","0","0","0","0","1","0","1","1","0","0","1","0","0","1","0","0","1","1","0","0","0","0","0","0","1","0","0","0","1","0","1","0","0","1","0","1","0","0","0","1","1","1","0","1","0","1"
"AJJ","6","0","0","0","0","0","0","0","0","0","0","0","0","0","0","0","0","0","0","0","1","0","0","0","0","0","0","0","0","0","0","0","0","0","0","0","0","0","0","0","0","0","0","0","0","0","0","0","0","0","1","0","0","0","0","1"
"AJR","6","0","0","0","0","0","0","0","0","0","0","0","0","0","0","0","0","0","0","0","1","0","0","0","0","0","0","0","0","0","0","0","0","0","0","0","0","0","0","0","0","0","0","0","0","0","0","0","0","0","1","0","0","0","0","1"
"ALK","3","1","1","1","1","0","0","0","0","1","1","0","1","1","1","0","1","1","0","0","1","0","0","1","0","0","1","1","0","0","0","1","1","1","1","0","0","1","1","1","1","0","0","1","0","1","1","0","0","1","1","1","0","1","1","1"
"ALW","4","0","1","0","1","0","0","0","0","1","0","0","0","0","1","0","1","1","0","0","1","0","0","1","0","0","1","1","0","0","0","0","0","0","1","0","0","0","1","0","1","0","0","1","0","1","0","0","0","1","1","1","0","1","0","1"
"ANH","2","0","0","0","0","1","0","0","0","0","0","1","0","0","0","1","0","0","1","0","0","0","0","0","0","0","0","0","0","0","0","0","0","0","0","0","1","0","0","0","0","0","0","0","0","0","0","0","0","0","0","0","0","0","0","0"
"ANK","6","0","0","0","0","0","0","0","0","0","0","0","0","0","0","0","0","0","0","0","1","0","0","0","0","0","0","0","0","0","0","0","0","0","0","0","0","0","0","0","0","0","0","0","0","0","0","0","0","0","1","0","0","0","0","1"
"ANU","7","0","0","0","0","0","0","0","0","0","0","0","0","0","0","0","0","0","0","0","0","0","0","0","0","0","0","0","0","0","0","0","0","0","0","0","0","0","0","0","0","0","0","0","0","0","0","0","0","0","0","0","0","0","0","0"
"APC","6","0","0","0","0","0","0","0","0","0","0","0","0","0","0","0","0","0","0","0","1","0","0","0","0","0","0","0","0","0","0","0","0","0","0","0","0","0","0","0","0","0","0","0","0","0","0","0","0","0","1","0","0","0","0","1"
"ARB","4","0","1","0","1","0","0","0","0","1","0","0","0","0","1","0","1","1","0","0","1","0","0","1","0","0","1","1","0","0","0","0","0","0","1","0","0","0","1","0","1","0","0","1","0","1","0","0","0","1","1","1","0","1","0","1"
"ARG","3","1","1","1","1","0","0","0","0","1","1","0","1","1","1","0","1","1","0","1","1","0","0","1","0","0","1","1","0","0","0","1","1","1","1","0","0","1","1","0","1","0","0","1","0","1","1","0","0","1","1","1","0","1","1","1"
"ARH","6","0","0","0","0","0","0","0","0","0","0","0","0","0","0","0","0","0","0","0","1","0","0","0","0","0","0","0","0","0","0","0","0","0","0","0","0","0","0","0","0","0","0","0","0","0","0","0","0","0","1","0","0","0","0","1"
"ARP","6","0","0","0","0","0","0","0","0","0","0","0","0","0","0","0","0","0","0","0","1","0","0","0","0","0","0","0","0","0","0","0","0","0","0","0","0","0","0","0","0","0","0","0","0","0","0","0","0","0","1","0","0","0","0","1"
"ARR","6","0","0","0","0","0","0","0","0","0","0","0","0","0","0","0","0","0","0","0","1","0","0","0","0","0","0","0","0","0","0","0","0","0","0","0","0","0","0","0","0","0","0","0","0","0","0","0","0","0","1","0","0","0","0","1"
"ARS","5","0","0","0","0","0","0","0","0","0","0","0","0","0","0","0","0","0","0","0","1","0","0","0","0","0","0","1","0","0","0","0","0","0","1","0","0","0","1","0","1","0","0","0","0","1","0","0","0","1","1","0","0","1","0","1"
"ASH","6","0","0","0","0","0","0","0","0","0","0","0","0","0","0","0","0","0","0","0","1","0","0","0","0","0","0","1","0","0","0","0","0","0","0","0","0","0","0","0","0","0","0","0","0","0","0","0","0","0","1","0","0","0","0","1"
"ASM","4","0","1","0","1","0","0","0","0","1","0","0","0","0","1","0","1","1","0","0","1","0","0","1","0","0","1","1","0","0","0","0","0","0","1","0","0","0","1","0","1","0","0","1","0","1","0","0","0","1","1","1","0","1","0","1"
"ATB","6","0","0","0","0","0","0","0","0","0","0","0","0","0","0","0","0","0","0","0","1","0","0","0","0","0","0","0","0","0","0","0","0","0","0","0","0","0","0","0","0","0","0","0","0","0","0","0","0","0","1","0","0","0","0","1"
"ATR","6","0","0","0","0","0","0","0","0","0","0","0","0","0","0","0","0","0","0","0","1","0","0","0","0","0","0","0","0","0","0","0","0","0","0","0","0","0","0","0","0","0","0","0","0","0","0","0","0","0","1","0","0","0","0","1"
"AUL","6","0","0","0","0","0","0","0","0","0","0","0","0","0","0","0","0","0","0","0","1","0","0","0","0","0","0","0","0","0","0","0","0","0","0","0","0","0","0","0","0","0","0","0","0","0","0","0","0","0","1","0","0","0","0","1"
"AUS","2","0","0","0","0","1","0","1","0","0","0","1","0","0","0","1","0","0","1","0","0","0","0","0","0","0","0","0","0","0","0","0","0","0","0","0","1","0","0","0","0","0","0","0","1","0","0","0","0","0","0","0","0","0","0","0"
"AWA","4","0","1","0","1","0","0","0","0","1","0","0","0","0","1","0","1","1","0","0","1","0","0","1","0","0","1","1","0","0","0","0","0","0","1","0","0","0","1","0","1","0","0","1","0","1","0","0","0","1","1","1","0","1","0","1"
"AWS","5","0","0","0","0","0","0","0","0","0","0","0","0","0","0","0","0","0","0","0","1","0","0","0","0","0","0","1","0","0","0","0","0","0","1","0","0","0","1","0","1","0","0","0","0","1","0","0","0","1","1","0","0","1","0","1"
"AYI","7","0","0","0","0","0","0","0","0","0","0","0","0","0","0","0","0","0","0","0","0","0","0","0","0","0","0","0","0","0","0","0","0","0","0","0","0","0","0","0","0","0","0","0","0","0","0","0","0","0","0","0","0","0","0","0"
"BAD","2","0","0","0","0","1","0","0","0","0","0","1","0","0","0","1","0","0","1","0","0","0","0","0","0","0","0","0","0","0","0","0","0","0","0","0","1","0","0","0","0","0","0","0","0","0","0","0","0","0","0","0","0","0","0","0"
"BAG","4","0","1","0","1","0","0","0","0","1","0","0","0","0","1","0","1","1","0","0","1","0","0","1","0","0","1","1","0","0","0","0","0","0","1","0","0","0","1","0","1","0","0","1","0","1","0","0","0","1","1","1","0","1","0","1"
"BAL","4","0","1","0","1","0","0","0","0","1","0","0","0","0","1","0","1","1","0","0","1","0","0","1","0","0","1","1","0","0","0","0","0","0","1","0","0","0","1","0","1","0","0","1","0","1","0","0","0","1","1","1","0","1","0","1"
"BAS","4","0","1","0","1","0","0","0","0","1","0","0","0","0","1","0","1","1","0","0","1","0","0","1","0","0","1","1","0","0","0","0","0","0","1","0","0","0","1","0","1","0","0","1","0","1","0","0","0","1","1","1","0","1","0","1"
"BAV","2","0","0","0","0","1","0","0","0","0","0","1","0","0","0","1","0","0","1","0","0","0","0","0","0","1","0","0","0","0","0","0","0","0","0","0","1","0","0","0","0","0","0","0","1","0","0","0","0","0","0","0","0","0","0","0"
"BCE","2","0","0","0","0","1","0","0","0","0","0","1","0","0","0","1","0","0","1","0","0","0","0","0","0","0","0","0","0","0","0","0","0","0","0","0","1","0","0","0","0","0","0","0","0","0","0","0","0","0","0","0","0","0","0","0"
"BEL","1","0","0","0","0","1","0","1","1","0","0","1","0","0","0","1","0","0","1","0","0","0","1","0","0","1","0","0","0","0","0","0","0","0","0","0","1","0","0","0","0","1","1","0","1","0","0","1","0","0","0","0","0","0","0","0"
"BEN","5","0","0","0","0","0","0","0","0","0","0","0","0","0","0","0","0","0","0","0","1","0","0","0","0","0","0","1","0","0","0","0","0","0","1","0","0","0","1","0","1","0","0","0","0","1","0","0","0","1","1","0","0","1","0","1"
"BER","4","0","1","0","1","0","0","0","0","1","0","0","0","0","1","0","1","1","0","0","1","0","0","1","0","0","1","1","0","0","0","0","0","0","1","0","0","0","1","0","1","0","0","1","0","1","0","0","0","1","1","1","0","1","0","1"
"BGI","6","0","0","0","0","0","0","0","0","0","0","0","0","0","0","0","0","0","0","0","1","0","0","0","0","0","0","1","0","0","0","0","0","0","0","0","0","0","0","0","0","0","0","0","0","0","0","0","0","0","1","0","0","0","0","1"
"BGM","5","0","0","0","0","0","0","0","0","0","0","0","0","0","0","0","0","0","0","0","1","0","0","0","0","0","0","1","0","0","0","0","0","0","1","0","0","0","1","0","1","0","0","0","0","1","0","0","0","1","1","0","0","1","0","1"
"BHN","4","0","1","0","1","0","0","0","0","1","0","0","0","0","1","0","1","1","0","0","1","0","0","1","0","0","1","1","0","0","0","0","0","0","1","0","0","0","1","0","1","0","0","1","0","1","0","0","0","1","1","1","0","1","0","1"
"BHO","4","0","1","0","1","0","0","0","0","1","0","0","0","0","1","0","1","1","0","0","1","0","0","1","0","0","1","1","0","0","0","0","0","0","1","0","0","0","1","0","1","0","0","1","0","1","0","0","0","1","1","1","0","1","0","1"
"BHU","4","0","1","0","1","0","0","0","0","1","0","0","0","0","1","0","1","1","0","0","1","0","0","1","0","0","1","1","0","0","0","0","0","0","1","0","0","0","1","0","1","0","0","1","0","1","0","0","0","1","1","1","0","1","0","1"
"BHV","4","0","1","0","1","0","0","0","0","1","0","0","0","0","1","0","1","1","0","0","1","0","0","1","0","0","1","1","0","0","0","0","0","0","1","0","0","0","1","0","1","0","0","1","0","1","0","0","0","1","1","1","0","1","0","1"
"BHW","4","0","1","0","1","0","0","0","0","1","0","0","0","0","1","0","1","1","0","0","1","0","0","1","0","0","1","1","0","0","0","0","0","0","1","0","0","0","1","0","1","0","0","1","0","1","0","0","0","1","1","1","0","1","0","1"
"BIC","2","0","0","0","0","1","0","0","0","0","0","1","0","0","0","1","0","0","1","0","0","0","0","0","0","0","0","0","0","0","0","0","0","0","0","0","1","0","0","0","0","0","0","0","1","0","0","0","0","0","0","0","0","0","0","0"
"BIK","4","0","1","0","1","0","0","0","0","1","0","0","0","0","1","0","1","1","0","0","1","0","0","1","0","0","1","1","0","0","0","0","0","0","1","0","0","0","1","0","1","0","0","1","0","1","0","0","0","1","1","1","0","1","0","1"
"BLA","7","0","0","0","0","0","0","0","0","0","0","0","0","0","0","0","0","0","0","0","0","0","0","0","0","0","0","0","0","0","0","0","0","0","0","0","0","0","0","0","0","0","0","0","0","0","0","0","0","0","0","0","0","0","0","0"
"BLE","7","0","0","0","0","0","0","0","0","0","0","0","0","0","0","0","0","0","0","0","0","0","0","0","0","0","0","0","0","0","0","0","0","0","0","0","0","0","0","0","0","0","0","0","0","0","0","0","0","0","0","0","0","0","0","0"
"BLF","6","0","0","0","0","0","0","0","0","0","0","0","0","0","0","0","0","0","0","0","1","0","0","0","0","0","0","0","0","0","0","0","0","0","0","0","0","0","0","0","0","0","0","0","0","0","0","0","0","0","1","0","0","0","0","1"
"BLG","4","0","1","0","1","0","0","0","0","1","0","0","0","0","1","0","1","1","0","0","1","0","0","1","0","0","1","1","0","0","0","0","0","0","1","0","0","0","1","0","1","0","0","1","0","1","0","0","0","1","1","1","0","1","0","1"
"BMB","6","0","0","0","0","0","0","0","0","0","0","0","0","0","0","0","0","0","0","0","1","0","0","0","0","0","0","0","0","0","0","0","0","0","0","0","0","0","0","0","0","0","0","0","0","0","0","0","0","0","1","0","0","0","0","1"
"BMM","6","0","0","0","0","0","0","0","0","0","0","0","0","0","0","0","0","0","0","0","1","0","0","0","0","0","0","0","0","0","0","0","0","0","0","0","0","0","0","0","0","0","0","0","0","0","0","0","0","0","1","0","0","0","0","1"
"BND","7","0","0","0","0","0","0","0","0","0","0","0","0","0","0","0","0","0","0","0","0","0","0","0","0","0","0","0","0","0","0","0","0","0","0","0","0","0","0","0","0","0","0","0","0","0","0","0","0","0","0","0","0","0","0","0"
"BNG","7","0","0","0","0","0","0","0","0","0","0","0","0","0","0","0","0","0","0","0","0","0","0","0","0","0","0","0","0","0","0","0","0","0","0","0","0","0","0","0","0","0","0","0","0","0","0","0","0","0","0","0","0","0","0","0"
"BNJ","4","0","1","0","1","0","0","0","0","1","0","0","0","0","1","0","1","1","0","0","1","0","0","1","0","0","1","1","0","0","0","0","0","0","1","0","0","0","1","0","1","0","0","1","0","1","0","0","0","1","1","1","0","1","0","1"
"BNN","6","0","0","0","0","0","0","0","0","0","0","0","0","0","0","0","0","0","0","0","1","0","0","0","0","0","0","0","0","0","0","0","0","0","0","0","0","0","0","0","0","0","0","0","0","0","0","0","0","0","1","0","0","0","0","1"
"BNY","6","0","0","0","0","0","0","0","0","0","0","0","0","0","0","0","0","0","0","0","1","0","0","0","0","0","0","0","0","0","0","0","0","0","0","0","0","0","0","0","0","0","0","0","0","0","0","0","0","0","1","0","0","0","0","1"
"BOB","7","0","0","0","0","0","0","0","0","0","0","0","0","0","0","0","0","0","0","0","0","0","0","0","0","0","0","0","0","0","0","0","0","0","0","0","0","0","0","0","0","0","0","0","0","0","0","0","0","0","0","0","0","0","0","0"
"BOL","3","1","1","1","1","0","0","0","0","1","1","0","1","1","1","0","1","1","0","1","1","0","0","1","0","0","1","1","0","0","0","1","1","1","1","0","0","1","1","0","1","0","0","1","0","1","1","0","0","1","1","1","0","1","1","1"
"BOR","5","0","0","0","0","0","0","0","0","0","0","0","0","0","0","0","0","0","0","0","1","0","0","0","0","0","0","1","0","0","0","0","0","0","1","0","0","0","1","0","1","0","0","0","0","1","0","0","0","1","1","0","0","1","0","1"
"BRA","2","0","0","0","0","1","0","0","0","0","0","1","0","0","0","1","0","0","1","0","0","0","0","0","0","0","0","0","0","0","0","0","0","0","0","0","1","0","0","0","0","0","0","0","1","0","0","0","0","0","0","0","0","0","0","0"
"BRD","6","0","0","0","0","0","0","0","0","0","0","0","0","0","0","0","0","0","0","0","1","0","0","0","0","0","0","0","0","0","0","0","0","0","0","0","0","0","0","0","0","0","0","0","0","0","0","0","0","0","1","0","0","0","0","1"
"BRE","2","0","0","0","0","1","0","0","0","0","0","1","0","0","0","1","0","0","1","0","0","0","0","0","0","0","0","0","0","0","0","0","0","0","0","0","1","0","0","0","0","0","0","0","0","0","0","0","0","0","0","0","0","0","0","0"
"BRG","5","0","0","0","0","0","0","0","0","0","0","0","0","0","0","0","0","0","0","0","1","0","0","0","0","0","0","1","0","0","0","0","0","0","1","0","0","0","1","0","1","0","0","0","0","1","0","0","0","1","1","0","0","1","0","1"
"BRK","6","0","0","0","0","0","0","0","0","0","0","0","0","0","0","0","0","0","0","0","1","0","0","0","0","0","0","0","0","0","0","0","0","0","0","0","0","0","0","0","0","0","0","0","0","0","0","0","0","0","1","0","0","0","0","1"
"BRN","7","0","0","0","0","0","0","0","0","0","0","0","0","0","0","0","0","0","0","0","0","0","0","0","0","0","0","0","0","0","0","0","0","0","0","0","0","0","0","0","0","0","0","0","0","0","0","0","0","0","0","0","0","0","0","0"
"BRU","4","0","1","0","1","0","0","0","0","1","0","0","0","0","1","0","1","1","0","0","1","0","0","1","0","0","1","1","0","0","0","0","0","0","1","0","0","0","1","0","1","0","0","1","0","1","0","0","0","1","1","1","0","1","0","1"
"BRZ","3","1","1","1","1","0","0","0","0","1","1","0","1","1","1","0","1","1","0","1","1","0","0","1","0","0","1","1","0","0","0","1","1","1","1","0","0","1","1","0","1","0","0","1","0","1","1","0","0","1","1","1","0","1","1","1"
"BST","6","0","0","0","0","0","0","0","0","0","0","0","0","0","0","0","0","0","0","0","1","0","0","0","0","0","0","1","0","0","0","0","0","0","0","0","0","0","0","0","0","0","0","0","0","1","0","0","0","0","1","0","0","0","0","1"
"BTN","4","0","1","0","1","0","0","0","0","1","0","0","0","0","1","0","1","1","0","0","1","0","0","1","0","0","1","1","0","0","0","0","0","0","1","0","0","0","1","0","1","0","0","1","0","1","0","0","0","1","1","1","0","1","0","1"
"BUG","6","0","0","0","0","0","0","0","0","0","0","0","0","0","0","0","0","0","0","0","1","0","0","0","0","0","0","0","0","0","0","0","0","0","0","0","0","0","0","0","0","0","0","0","0","0","0","0","0","0","1","0","0","0","0","1"
"BUK","4","0","1","0","1","0","0","0","0","1","0","0","0","0","1","0","1","1","0","0","1","0","0","1","0","0","1","1","0","0","0","0","0","0","1","0","0","0","1","0","1","0","0","1","0","1","0","0","0","1","1","1","0","1","0","1"
"BUN","4","0","1","0","1","0","0","0","0","1","0","0","0","0","1","0","1","1","0","0","1","0","0","1","0","0","1","1","0","0","0","0","0","0","1","0","0","0","1","0","1","0","0","1","0","1","0","0","0","1","1","1","0","1","0","1"
"BUR","4","0","1","0","1","0","0","0","0","1","0","0","0","0","1","0","1","1","0","0","1","0","0","1","0","0","1","1","0","0","0","0","0","1","1","0","0","0","1","0","1","0","0","1","0","1","0","0","0","1","1","1","0","1","0","1"
"CAM","4","0","1","0","1","0","0","0","0","1","0","0","0","0","1","0","1","1","0","0","1","0","0","1","0","0","1","1","0","0","0","0","0","0","1","0","0","0","1","0","1","0","0","1","0","1","0","0","1","1","1","1","0","1","0","1"
"CAY","7","0","0","0","0","0","0","0","0","0","0","0","0","0","0","0","0","0","0","0","0","0","0","0","0","0","0","0","0","0","0","0","0","0","0","0","0","0","0","0","0","0","0","0","0","0","0","0","0","0","0","0","0","0","0","0"
"CHC","3","1","1","1","1","0","0","0","0","1","1","0","1","1","1","0","1","1","0","0","1","0","0","1","0","0","1","1","0","0","0","1","1","1","1","0","0","1","1","0","1","0","0","1","0","1","1","0","0","1","1","1","0","1","1","1"
"CHI","4","1","1","0","1","0","0","0","0","1","0","0","0","0","1","0","1","1","0","0","1","0","0","1","0","0","1","1","0","0","0","1","0","0","1","0","0","0","1","0","1","0","0","1","0","1","0","0","1","1","1","1","0","1","1","1"
"CHK","6","0","0","0","0","0","0","0","0","0","0","0","0","0","0","0","0","0","0","0","1","0","0","0","0","0","0","0","0","0","0","0","0","0","0","0","0","0","0","0","0","0","0","0","0","0","0","0","0","0","1","0","0","0","0","1"
"CHL","3","1","1","1","1","0","0","0","0","1","1","0","1","1","1","0","1","1","0","1","1","0","0","1","0","0","1","1","0","0","0","1","1","1","1","0","0","1","1","0","1","0","0","1","0","1","1","0","0","1","1","1","0","1","1","1"
"CHP","4","0","1","0","1","0","0","0","0","1","0","0","0","0","1","0","1","1","0","0","1","0","0","1","0","0","1","1","0","0","0","0","0","0","1","0","0","0","1","0","1","0","0","1","0","1","0","0","0","1","1","1","0","1","0","1"
"CHT","4","0","1","0","1","0","0","0","0","1","0","0","0","0","1","0","1","1","0","0","1","0","0","1","0","0","1","1","0","0","0","0","0","0","1","0","0","0","1","0","1","0","0","1","0","1","0","0","0","1","1","1","0","1","0","1"
"CIR","3","1","1","1","1","0","0","0","0","1","1","0","1","1","1","0","1","1","0","0","1","0","0","1","0","0","1","1","0","0","0","1","1","1","1","0","0","1","1","0","1","0","0","1","0","1","1","0","0","1","1","1","0","1","1","1"
"CLM","3","1","1","1","1","0","0","0","0","1","1","0","1","1","1","0","1","1","0","1","1","0","0","1","0","0","1","1","0","0","0","1","1","1","1","0","0","1","1","0","1","0","0","1","0","1","1","0","0","1","1","1","0","1","1","1"
"CMB","6","0","0","0","0","0","0","0","0","0","0","0","0","0","0","0","0","0","0","0","1","0","0","0","0","0","0","0","0","0","0","0","0","0","0","0","0","0","0","0","0","0","0","0","0","0","0","0","0","0","1","0","0","0","0","1"
"CMI","4","0","1","0","1","0","0","0","0","1","0","0","0","0","1","0","1","1","0","0","1","0","0","1","0","0","1","1","0","0","0","0","0","0","1","0","0","0","1","0","1","0","0","1","0","1","0","0","0","1","1","1","0","1","0","1"
"COB","2","0","0","0","0","1","0","0","0","0","0","1","0","0","0","1","0","0","1","0","0","0","0","0","0","0","0","0","0","0","0","0","0","0","0","0","1","0","0","0","0","0","0","0","0","0","0","0","0","0","0","0","0","0","0","0"
"COC","4","0","1","0","1","0","0","0","0","1","0","0","0","0","1","0","1","1","0","0","1","0","0","1","0","0","1","1","0","0","0","0","0","0","1","0","0","0","1","0","1","0","0","1","0","1","0","0","0","1","1","1","0","1","0","1"
"COM","6","0","0","0","0","0","0","0","0","0","0","0","0","0","0","0","0","0","0","0","1","0","0","0","0","0","0","0","0","0","0","0","0","0","0","0","0","0","0","0","0","0","0","0","0","0","0","0","0","0","1","0","0","0","0","1"
"CON","4","0","1","0","1","0","0","0","0","1","0","0","0","0","1","0","1","1","0","0","1","0","0","1","0","0","1","1","0","0","0","0","0","0","1","0","0","0","1","0","1","0","0","1","0","1","0","0","0","1","1","1","0","1","0","1"
"COO","4","0","1","0","1","0","0","0","0","1","0","0","0","0","1","0","1","1","0","0","1","0","0","1","0","0","1","1","0","0","0","0","0","0","1","0","0","0","1","0","1","0","0","1","0","1","0","0","0","1","1","1","0","1","0","1"
"CRO","2","0","0","0","0","1","0","0","0","0","0","1","0","0","0","1","0","0","1","0","0","0","0","0","0","0","0","0","0","0","0","0","0","0","0","0","1","0","0","0","0","0","0","0","0","0","0","0","0","0","0","0","0","0","0","0"
"CUB","3","1","1","1","1","1","0","0","0","1","1","0","1","1","1","0","1","1","0","0","1","0","0","1","0","0","1","1","0","0","1","1","1","1","1","0","1","1","1","0","1","0","0","1","1","1","1","0","0","1","1","1","0","1","1","1"
"DAH","5","0","0","0","0","0","0","0","0","0","0","0","0","0","0","0","0","0","0","0","1","0","0","0","0","0","0","1","0","0","0","0","0","0","1","0","0","0","1","0","1","0","0","0","0","1","0","0","0","1","1","0","0","1","0","1"
"DAI","4","0","1","0","1","0","0","0","0","1","0","0","0","0","1","0","1","1","0","0","1","0","0","1","0","0","1","1","0","0","0","0","0","0","1","0","0","0","1","0","1","0","0","1","0","1","0","0","1","1","1","1","0","1","0","1"
"DAK","7","0","0","0","0","0","0","0","0","0","0","0","0","0","0","0","0","0","0","0","0","0","0","0","0","0","0","0","0","0","0","0","0","0","0","0","0","0","0","0","0","0","0","0","0","0","0","0","0","0","0","0","0","0","0","0"
"DEI","2","0","0","0","0","1","0","0","0","0","0","1","0","0","0","1","0","0","1","0","0","0","0","0","0","0","0","0","0","0","0","0","0","0","0","0","1","0","0","0","0","0","0","0","0","0","0","0","0","0","0","0","0","0","0","0"
"DEN","2","0","0","0","0","1","0","0","0","0","0","1","0","0","0","1","0","0","1","0","0","0","0","0","0","0","0","0","0","0","0","0","0","0","0","0","1","0","0","0","0","0","0","0","0","0","0","0","0","0","0","0","0","0","0","0"
"DFR","5","0","0","0","0","0","0","0","0","0","0","0","0","0","0","0","0","0","0","0","1","0","0","0","0","0","0","1","0","0","0","0","0","0","1","0","0","0","1","0","1","0","0","0","0","1","0","0","0","1","1","0","0","1","0","1"
"DFT","7","0","0","0","0","0","0","0","0","0","0","0","0","0","0","0","0","0","0","0","0","0","0","0","0","0","0","0","0","0","0","0","0","0","0","0","0","0","0","0","0","0","0","0","0","0","0","0","0","0","0","0","0","0","0","0"
"DGR","6","0","0","0","0","0","0","0","0","0","0","0","0","0","0","0","0","0","0","0","1","0","0","0","0","0","0","0","0","0","0","0","0","0","0","0","0","0","0","0","0","0","0","0","0","0","0","0","0","0","1","0","0","0","0","1"
"DHA","4","0","1","0","1","0","0","0","0","1","0","0","0","0","1","0","1","1","0","0","1","0","0","1","0","0","1","1","0","0","0","0","0","0","1","0","0","0","1","0","1","0","0","1","0","1","0","0","0","1","1","1","0","1","0","1"
"DIN","6","0","0","0","0","0","0","0","0","0","0","0","0","0","0","0","0","0","0","0","1","0","0","0","0","0","0","0","0","0","0","0","0","0","0","0","0","0","0","0","0","0","0","0","0","0","0","0","0","0","1","0","0","0","0","1"
"DIO","7","0","0","0","0","0","0","0","0","0","0","0","0","0","0","0","0","0","0","0","0","0","0","0","0","0","0","0","0","0","0","0","0","0","0","0","0","0","0","0","0","0","0","0","0","0","0","0","0","0","0","0","0","0","0","0"
"DLA","7","0","0","0","0","0","0","0","0","0","0","0","0","0","0","0","0","0","0","0","0","0","0","0","0","0","0","0","0","0","0","0","0","0","0","0","0","0","0","0","0","0","0","0","0","0","0","0","0","0","0","0","0","0","0","0"
"DLM","6","0","0","0","0","0","0","0","0","0","0","0","0","0","0","0","0","0","0","0","1","0","0","0","0","0","0","0","0","0","0","0","0","0","0","0","0","0","0","0","0","0","0","0","0","0","0","0","0","0","1","0","0","0","0","1"
"DNK","7","0","0","0","0","0","0","0","0","0","0","0","0","0","0","0","0","0","0","0","0","0","0","0","0","0","0","0","0","0","0","0","0","0","0","0","0","0","0","0","0","0","0","0","0","0","0","0","0","0","0","0","0","0","0","0"
"ECU","3","1","1","1","1","0","0","0","0","1","1","0","1","1","1","0","1","1","0","1","1","0","0","1","0","0","1","1","0","0","0","1","1","1","1","0","0","1","1","0","1","0","0","1","0","1","1","0","0","1","1","1","0","1","1","1"
"EGY","3","1","1","1","1","0","0","0","0","1","1","0","1","1","1","0","1","1","0","0","1","0","0","1","0","0","1","1","0","0","0","1","1","1","1","0","0","1","1","1","1","0","0","1","0","1","1","0","0","1","1","1","0","1","1","1"
"EWE","7","0","0","0","0","0","0","0","0","0","0","0","0","0","0","0","0","0","0","0","0","0","0","0","0","0","0","0","0","0","0","0","0","0","0","0","0","0","0","0","0","0","0","0","0","0","0","0","0","0","0","0","0","0","0","0"
"EZO","4","0","1","0","1","0","0","0","0","1","0","0","0","0","1","0","1","1","0","0","1","0","0","1","0","0","1","1","0","0","0","0","0","0","1","0","0","0","1","0","1","0","0","1","0","1","0","0","0","1","1","1","0","1","0","1"
"FIN","2","0","0","0","0","1","0","0","0","0","0","1","0","0","0","1","0","0","1","0","0","0","0","0","0","0","0","0","0","0","0","0","0","0","0","0","1","0","0","0","0","0","0","0","0","0","0","0","0","0","0","0","0","0","0","0"
"FJI","7","0","0","0","0","0","0","0","0","0","0","0","0","0","0","0","0","0","0","0","0","0","0","0","0","0","0","0","0","0","0","0","0","0","0","0","0","0","0","0","0","0","0","0","0","0","0","0","0","0","0","0","0","0","0","0"
"FNG","7","0","0","0","0","0","0","0","0","0","0","0","0","0","0","0","0","0","0","0","0","0","0","0","0","0","0","0","0","0","0","0","0","0","0","0","0","0","0","0","0","0","0","0","0","0","0","0","0","0","0","0","0","0","0","0"
"FRA","1","0","0","0","0","1","0","1","1","0","0","1","0","0","0","1","0","0","1","0","0","0","1","0","0","1","0","0","0","0","0","0","0","0","0","0","1","0","0","0","0","1","1","0","1","0","0","1","0","0","0","0","0","0","0","0"
"FRM","2","0","0","0","0","1","0","0","0","0","0","1","0","0","0","1","0","0","1","0","0","0","0","0","0","0","0","0","0","0","0","0","0","0","0","0","1","0","0","0","0","0","0","0","0","0","0","0","0","0","0","0","0","0","0","0"
"FTJ","5","0","0","0","0","0","0","0","0","0","0","0","0","0","0","0","0","0","0","0","1","0","0","0","0","0","0","1","0","0","0","0","0","0","1","0","0","0","1","0","1","0","0","0","0","1","0","0","0","1","1","0","0","1","0","1"
"FTR","5","0","0","0","0","0","0","0","0","0","0","0","0","0","0","0","0","0","0","0","1","0","0","0","0","0","0","1","0","0","0","0","0","0","1","0","0","0","1","0","1","0","0","0","0","1","0","0","0","1","1","0","0","1","0","1"
"FZN","4","0","1","0","1","0","0","0","0","1","0","0","0","0","1","0","1","1","0","0","1","0","0","1","0","0","1","1","0","0","0","0","0","0","1","0","0","0","1","0","1","0","0","1","0","1","0","0","0","1","1","1","0","1","0","1"
"GAR","4","0","1","0","1","0","0","0","0","1","0","0","0","0","1","0","1","1","0","0","1","0","0","1","0","0","1","1","0","0","0","0","0","0","1","0","0","0","1","0","1","0","0","1","0","1","0","0","0","1","1","1","0","1","0","1"
"GBR","1","0","0","0","0","1","0","1","1","0","0","1","0","0","0","1","0","0","1","0","0","0","1","0","0","1","0","0","1","1","0","0","0","0","0","0","1","0","0","0","0","1","1","0","1","0","0","1","0","0","0","0","0","0","0","0"
"GGO","7","0","0","0","0","0","0","0","0","0","0","0","0","0","0","0","0","0","0","0","0","0","0","0","0","0","0","0","0","0","0","0","0","0","0","0","0","0","0","0","0","0","0","0","0","0","0","0","0","0","0","0","0","0","0","0"
"GJM","5","0","0","0","0","0","0","0","0","0","0","0","0","0","0","0","0","0","0","0","1","0","0","0","0","0","0","1","0","0","0","0","0","0","1","0","0","0","1","0","1","0","0","0","0","1","0","0","0","1","1","0","0","1","0","1"
"GLD","5","0","0","0","0","0","0","0","0","0","0","0","0","0","0","0","0","0","0","0","1","0","0","0","0","0","0","1","0","0","0","0","0","0","1","0","0","0","1","0","1","0","0","0","0","1","0","0","0","1","1","0","0","1","0","1"
"GNI","6","0","0","0","0","0","0","0","0","0","0","0","0","0","0","0","0","0","0","0","1","0","0","0","0","0","0","0","0","0","0","0","0","0","0","0","0","0","0","0","0","0","0","0","0","0","0","0","0","0","1","0","0","0","0","1"
"GRE","3","1","1","1","1","0","0","0","0","1","1","0","1","1","1","0","1","1","0","1","1","0","0","1","0","0","1","1","0","0","0","1","1","1","1","1","0","1","1","0","1","0","0","1","0","1","1","0","0","1","1","1","0","1","1","1"
"GRW","6","0","0","0","0","0","0","0","0","0","0","0","0","0","0","0","0","0","0","0","1","0","0","0","0","0","0","0","0","0","0","0","0","0","0","0","0","0","0","0","0","0","0","0","0","0","0","0","0","0","1","0","0","0","0","1"
"GWA","4","0","1","0","1","0","0","0","0","1","0","0","0","0","1","0","1","1","0","0","1","0","0","1","0","0","1","1","0","0","0","0","0","0","1","0","0","0","1","0","1","0","0","1","0","1","0","0","0","1","1","1","0","1","0","1"
"GZA","6","0","0","0","0","0","0","0","0","0","0","0","0","0","0","0","0","0","0","0","1","0","0","0","0","0","0","1","0","0","0","0","0","0","0","0","0","0","0","0","0","0","0","0","0","0","0","0","0","0","1","0","0","0","0","1"
"HAI","3","1","1","1","1","0","0","0","0","1","1","0","1","1","1","0","1","1","0","0","1","0","0","1","0","0","1","1","0","0","0","1","1","1","1","0","0","1","1","0","1","0","0","1","0","1","1","0","0","1","1","1","0","1","1","1"
"HAM","2","0","0","0","0","1","0","0","0","0","0","1","0","0","0","1","0","0","1","0","0","0","0","0","0","0","0","0","0","0","0","0","0","0","0","0","1","0","0","0","0","0","0","0","0","0","0","0","0","0","0","0","0","0","0","0"
"HAN","2","0","0","0","0","1","0","0","0","0","0","1","0","0","0","1","0","0","1","0","0","0","0","0","0","0","0","0","0","0","0","0","0","0","0","0","1","0","0","0","0","0","0","0","0","0","0","0","0","0","0","0","0","0","0","0"
"HAR","5","0","0","0","0","0","0","0","0","0","0","0","0","0","0","0","0","0","0","0","1","0","0","0","0","0","0","1","0","0","0","0","0","0","1","0","0","0","1","0","1","0","0","0","0","1","0","0","0","1","1","0","0","1","0","1"
"HAU","5","0","0","0","0","0","0","0","0","0","0","0","0","0","0","0","0","0","0","0","1","0","0","0","0","0","0","1","0","0","0","0","0","0","1","0","0","0","1","0","1","0","0","0","0","1","0","0","0","1","1","0","0","1","0","1"
"HAW","4","1","1","0","1","0","0","0","0","1","0","0","0","0","1","0","1","1","1","1","1","0","0","1","1","0","1","1","0","0","0","0","0","0","1","0","0","0","1","0","1","0","0","1","0","1","0","0","0","1","1","1","0","1","0","1"
"HBC","2","0","0","0","0","1","0","0","0","0","0","1","0","0","0","1","0","0","1","0","0","0","0","0","0","0","0","0","0","0","0","0","0","0","0","0","1","0","0","0","0","0","0","0","0","0","0","0","0","0","0","0","0","0","0","0"
"HDJ","4","0","1","0","1","0","0","0","0","1","0","0","0","0","1","0","1","1","0","0","1","0","0","1","0","0","1","1","0","0","0","0","0","0","1","0","0","0","1","0","1","0","0","1","0","1","0","0","0","1","1","1","0","1","0","1"
"HDY","5","0","0","0","0","0","0","0","0","0","0","0","0","0","0","0","0","0","0","0","1","0","0","0","0","0","0","1","0","0","0","0","0","0","1","0","0","0","1","0","1","0","0","0","0","1","0","0","0","1","1","0","0","1","0","1"
"HEK","2","0","0","0","0","1","0","0","0","0","0","1","0","0","0","1","0","0","1","0","0","0","0","0","0","0","0","0","0","0","0","0","0","0","0","0","1","0","0","0","0","0","0","0","0","0","0","0","0","0","0","0","0","0","0","0"
"HER","4","0","1","0","1","0","0","0","0","1","0","0","0","0","1","0","1","1","0","0","1","0","0","1","0","0","1","1","0","0","0","0","0","0","1","0","0","0","1","0","1","0","0","1","0","1","0","0","0","1","1","1","0","1","0","1"
"HES","2","0","0","0","0","1","0","0","0","0","0","1","0","0","0","1","0","0","1","0","0","0","0","0","0","0","0","0","0","0","0","0","0","0","0","0","1","0","0","0","0","0","0","0","0","0","0","0","0","0","0","0","0","0","0","0"
"HHE","7","0","0","0","0","0","0","0","0","0","0","0","0","0","0","0","0","0","0","0","0","0","0","0","0","0","0","0","0","0","0","0","0","0","0","0","0","0","0","0","0","0","0","0","0","0","0","0","0","0","0","0","0","0","0","0"
"HLA","7","0","0","0","0","0","0","0","0","0","0","0","0","0","0","0","0","0","0","0","0","0","0","0","0","0","0","0","0","0","0","0","0","0","0","0","0","0","0","0","0","0","0","0","0","0","0","0","0","0","0","0","0","0","0","0"
"HMB","7","0","0","0","0","0","0","0","0","0","0","0","0","0","0","0","0","0","0","0","0","0","0","0","0","0","0","0","0","0","0","0","0","0","0","0","0","0","0","0","0","0","0","0","0","0","0","0","0","0","0","0","0","0","0","0"
"HOH","2","0","0","0","0","1","0","0","0","0","0","1","0","0","0","1","0","0","1","0","0","0","0","0","0","0","0","0","0","0","0","0","0","0","0","0","1","0","0","0","0","0","0","0","0","0","0","0","0","0","0","0","0","0","0","0"
"HOL","2","0","0","0","0","1","0","0","0","0","0","1","0","0","0","1","0","0","1","0","0","0","0","0","0","0","0","0","0","0","0","0","0","0","0","0","1","0","0","0","0","0","0","0","0","0","0","0","0","0","0","0","0","0","0","0"
"HRO","7","0","0","0","0","0","0","0","0","0","0","0","0","0","0","0","0","0","0","0","0","0","0","0","0","0","0","0","0","0","0","0","0","0","0","0","0","0","0","0","0","0","0","0","0","0","0","0","0","0","0","0","0","0","0","0"
"HUN","2","0","0","0","0","1","0","0","0","0","0","1","0","0","0","1","0","0","1","0","0","0","0","0","0","0","0","0","0","0","0","0","0","0","0","0","1","0","0","0","0","0","0","0","0","0","0","0","0","0","0","0","0","0","0","0"
"HYD","4","0","1","0","1","0","0","0","0","1","0","0","0","0","1","0","1","1","0","0","1","0","0","1","0","0","1","1","0","0","0","0","0","0","1","0","0","0","1","0","1","0","0","1","0","1","0","0","0","1","1","1","0","1","0","1"
"IBO","7","0","0","0","0","0","0","0","0","0","0","0","0","0","0","0","0","0","0","0","0","0","0","0","0","0","0","0","0","0","0","0","0","0","0","0","0","0","0","0","0","0","0","0","0","0","0","0","0","0","0","0","0","0","0","0"
"IDA","4","0","1","0","1","0","0","0","0","1","0","0","0","0","1","0","1","1","0","0","1","0","0","1","0","0","1","1","0","0","0","0","0","0","1","0","0","0","1","0","1","0","0","1","0","1","0","0","0","1","1","1","0","1","0","1"
"IND","4","0","1","0","1","0","0","0","0","1","0","0","0","0","1","0","1","1","0","0","1","0","0","1","0","0","1","1","0","0","0","0","0","0","1","0","0","0","1","0","1","0","0","1","0","1","0","0","0","1","1","1","0","1","0","1"
"ION","3","1","1","1","1","0","0","0","0","1","1","0","1","1","1","0","1","1","0","0","1","0","0","1","0","0","1","1","0","0","0","1","1","1","1","0","0","1","1","0","1","0","0","1","0","1","1","0","0","1","1","1","0","1","1","1"
"IQU","3","1","1","1","1","0","0","0","0","1","1","0","1","1","1","0","1","1","0","1","1","0","0","1","0","0","1","1","0","0","0","1","1","1","1","0","0","1","1","0","1","0","0","1","0","1","1","0","0","1","1","1","0","1","1","1"
"IRC","6","0","0","0","0","0","0","0","0","0","0","0","0","0","0","0","0","0","0","0","1","0","0","0","0","0","0","0","0","0","0","0","0","0","0","0","0","0","0","0","0","0","0","0","0","0","0","0","0","0","1","0","0","0","0","1"
"ISQ","5","0","0","0","0","0","0","0","0","0","0","0","0","0","0","0","0","0","0","0","1","0","0","0","0","0","0","1","0","0","0","0","0","0","1","0","0","0","1","0","1","0","0","0","0","1","0","0","0","1","1","0","0","1","0","1"
"JAB","4","0","1","0","1","0","0","0","0","1","0","0","0","0","1","0","1","1","0","0","1","0","0","1","0","0","1","1","0","0","0","0","0","0","1","0","0","0","1","0","1","0","0","1","0","1","0","0","0","1","1","1","0","1","0","1"
"JAI","4","0","1","0","1","0","0","0","0","1","0","0","0","0","1","0","1","1","0","0","1","0","0","1","0","0","1","1","0","0","0","0","0","0","1","0","0","0","1","0","1","0","0","1","0","1","0","0","0","1","1","1","0","1","0","1"
"JAP","4","1","1","0","1","0","0","0","0","1","1","0","0","0","1","0","1","1","0","0","1","0","0","1","0","0","1","1","0","0","0","1","0","0","1","0","0","0","1","0","1","0","0","1","0","1","0","0","1","1","1","1","0","1","1","1"
"JAS","4","0","1","0","1","0","0","0","0","1","0","0","0","0","1","0","1","1","0","0","1","0","0","1","0","0","1","1","0","0","0","0","0","0","1","0","0","0","1","0","1","0","0","1","0","1","0","0","0","1","1","1","0","1","0","1"
"JEY","4","0","1","0","1","0","0","0","0","1","0","0","0","0","1","0","1","1","0","0","1","0","0","1","0","0","1","1","0","0","0","0","0","0","1","0","0","0","1","0","1","0","0","1","0","1","0","0","0","1","1","1","0","1","0","1"
"JHN","4","0","1","0","1","0","0","0","0","1","0","0","0","0","1","0","1","1","0","0","1","0","0","1","0","0","1","1","0","0","0","0","0","0","1","0","0","0","1","0","1","0","0","1","0","1","0","0","0","1","1","1","0","1","0","1"
"JLF","7","0","0","0","0","0","0","0","0","0","0","0","0","0","0","0","0","0","0","0","0","0","0","0","0","0","0","0","0","0","0","0","0","0","0","0","0","0","0","0","0","0","0","0","0","0","0","0","0","0","0","0","0","0","0","0"
"JMB","4","0","1","0","1","0","0","0","0","1","0","0","0","0","1","0","1","1","0","0","1","0","0","1","0","0","1","1","0","0","0","0","0","0","1","0","0","0","1","0","1","0","0","1","0","1","0","0","0","1","1","1","0","1","0","1"
"JOD","4","0","1","0","1","0","0","0","0","1","0","0","0","0","1","0","1","1","0","0","1","0","0","1","0","0","1","1","0","0","0","0","0","0","1","0","0","0","1","0","1","0","0","1","0","1","0","0","0","1","1","1","0","1","0","1"
"JOH","4","0","1","0","1","0","0","0","0","1","0","0","0","0","1","0","1","1","0","0","1","0","0","1","0","0","1","1","0","0","0","0","0","0","1","0","0","0","1","0","1","0","0","1","0","1","0","0","0","1","1","1","0","1","0","1"
"JUN","4","0","1","0","1","0","0","0","0","1","0","0","0","0","1","0","1","1","0","0","1","0","0","1","0","0","1","1","0","0","0","0","0","0","1","0","0","0","1","0","1","0","0","1","0","1","0","0","0","1","1","1","0","1","0","1"
"KAB","4","0","1","0","1","0","0","0","0","1","0","0","0","0","1","0","1","1","0","0","1","0","0","1","0","0","1","1","0","0","0","0","0","0","1","0","0","0","1","0","1","0","0","1","0","1","0","0","0","1","1","1","0","1","0","1"
"KAF","4","0","1","0","1","0","0","0","0","1","0","0","0","0","1","0","1","1","0","0","1","0","0","1","0","0","1","1","0","0","0","0","0","0","1","0","0","0","1","0","1","0","0","1","0","1","0","0","0","1","1","1","0","1","0","1"
"KAL","4","0","1","0","1","0","0","0","0","1","0","0","0","0","1","0","1","1","0","0","1","0","0","1","0","0","1","1","0","0","0","0","0","0","1","0","0","0","1","0","1","0","0","1","0","1","0","0","0","1","1","1","0","1","0","1"
"KAN","4","0","1","0","1","0","0","0","0","1","0","0","0","0","1","0","1","1","0","0","1","0","0","1","0","0","1","1","0","0","0","0","0","0","1","0","0","0","1","0","1","0","0","1","0","1","0","0","0","1","1","1","0","1","0","1"
"KAS","4","0","1","0","1","0","0","0","0","1","0","0","0","0","1","0","1","1","0","0","1","0","0","1","0","0","1","1","0","0","0","0","0","0","1","0","0","0","1","0","1","0","0","1","0","1","0","0","0","1","1","1","0","1","0","1"
"KAT","4","0","1","0","1","0","0","0","0","1","0","0","0","0","1","0","1","1","0","0","1","0","0","1","0","0","1","1","0","0","0","0","0","0","1","0","0","0","1","0","1","0","0","1","0","1","0","0","0","1","1","1","0","1","0","1"
"KAU","6","0","0","0","0","0","0","0","0","0","0","0","0","0","1","0","0","0","0","0","1","0","0","0","0","0","0","0","0","0","0","0","0","0","0","0","0","0","0","0","0","0","0","0","0","1","0","0","0","0","1","0","0","0","0","1"
"KBA","6","0","0","0","0","0","0","0","0","0","0","0","0","0","0","0","0","0","0","0","1","0","0","0","0","0","0","0","0","0","0","0","0","0","0","0","0","0","0","0","0","0","0","0","0","0","0","0","0","0","1","0","0","0","0","1"
"KBD","6","0","0","0","0","0","0","0","0","0","0","0","0","0","0","0","0","0","0","0","1","0","0","0","0","0","0","0","0","0","0","0","0","0","0","0","0","0","0","0","0","0","0","0","0","0","0","0","0","0","1","0","0","0","0","1"
"KBU","6","0","0","0","0","0","0","0","0","0","0","0","0","0","0","0","0","0","0","0","1","0","0","0","0","0","0","0","0","0","0","0","0","0","0","0","0","0","0","0","0","0","0","0","0","0","0","0","0","0","1","0","0","0","0","1"
"KFA","5","0","0","0","0","0","0","0","0","0","0","0","0","0","0","0","0","0","0","0","1","0","0","0","0","0","0","1","0","0","0","0","0","0","1","0","0","0","1","0","1","0","0","0","0","1","0","0","0","1","1","0","0","1","0","1"
"KHI","4","0","1","0","1","0","0","0","0","1","0","0","0","0","1","0","1","1","0","0","1","0","0","1","0","0","1","1","0","0","0","0","0","0","1","0","0","0","1","0","1","0","0","1","0","1","0","0","0","1","1","1","0","1","0","1"
"KHP","4","0","1","0","1","0","0","0","0","1","0","0","0","0","1","0","1","1","0","0","1","0","0","1","0","0","1","1","0","0","0","0","0","0","1","0","0","0","1","0","1","0","0","1","0","1","0","0","0","1","1","1","0","1","0","1"
"KKI","6","0","0","0","0","0","0","0","0","0","0","0","0","0","0","0","0","0","0","0","1","0","0","0","0","0","0","0","0","0","0","0","0","0","0","0","0","0","0","0","0","0","0","0","0","0","0","0","0","0","1","0","0","0","0","1"
"KKY","7","0","0","0","0","0","0","0","0","0","0","0","0","0","0","0","0","0","0","0","0","0","0","0","0","0","0","0","0","0","0","0","0","0","0","0","0","0","0","0","0","0","0","0","0","0","0","0","0","0","0","0","0","0","0","0"
"KLN","6","0","0","0","0","0","0","0","0","0","0","0","0","0","0","0","0","0","0","0","1","0","0","0","0","0","0","0","0","0","0","0","0","0","0","0","0","0","0","0","0","0","0","0","0","0","0","0","0","0","1","0","0","0","0","1"
"KLO","6","0","0","0","0","0","0","0","0","0","0","0","0","0","0","0","0","0","0","0","1","0","0","0","0","0","0","0","0","0","0","0","0","0","0","0","0","0","0","0","0","0","0","0","0","0","0","0","0","0","1","0","0","0","0","1"
"KNC","6","0","0","0","0","0","0","0","0","0","0","0","0","0","0","0","0","0","0","0","1","0","0","0","0","0","0","0","0","0","0","0","0","0","0","0","0","0","0","0","0","0","0","0","0","0","0","0","0","0","1","0","0","0","0","1"
"KNG","6","0","0","0","0","0","0","0","0","0","0","0","0","0","0","0","0","0","0","0","1","0","0","0","0","0","0","0","0","0","0","0","0","0","0","0","0","0","0","0","0","0","0","0","0","0","0","0","0","0","1","0","0","0","0","1"
"KNK","7","0","0","0","0","0","0","0","0","0","0","0","0","0","0","0","0","0","0","0","0","0","0","0","0","0","0","0","0","0","0","0","0","0","0","0","0","0","0","0","0","0","0","0","0","0","0","0","0","0","0","0","0","0","0","0"
"KNO","4","0","1","0","1","0","0","0","0","1","0","0","0","0","1","0","1","1","0","0","1","0","0","1","0","0","1","1","0","0","0","0","0","0","1","0","0","0","1","0","1","0","0","1","0","1","0","0","0","1","1","1","0","1","0","1"
"KOK","4","0","1","0","1","0","0","0","0","1","0","0","0","0","1","0","1","1","0","0","1","0","0","1","0","0","1","1","0","0","0","0","0","0","1","0","0","0","1","0","1","0","0","1","0","1","0","0","0","1","1","1","0","1","0","1"
"KON","5","0","0","0","0","0","0","0","0","0","0","0","0","0","0","0","0","0","0","0","1","0","0","0","0","0","0","1","0","0","0","0","0","0","1","0","0","0","1","0","1","0","0","0","0","1","0","0","0","1","1","0","0","1","0","1"
"KOR","4","0","1","0","1","0","0","0","0","1","0","0","0","0","1","0","1","1","0","0","1","0","0","1","0","0","1","1","0","0","0","1","0","0","1","0","0","0","1","0","1","0","0","1","0","1","0","0","1","1","1","1","0","1","1","1"
"KOT","4","0","1","0","1","0","0","0","0","1","0","0","0","0","1","0","1","1","0","0","1","0","0","1","0","0","1","1","0","0","0","0","0","0","1","0","0","0","1","0","1","0","0","1","0","1","0","0","0","1","1","1","0","1","0","1"
"KRA","2","0","0","0","0","1","0","0","0","0","0","1","0","0","0","1","0","0","1","0","0","0","0","0","0","0","0","0","0","0","0","0","0","0","0","0","1","0","0","0","0","0","0","0","0","0","0","0","0","0","0","0","0","0","0","0"
"KRG","6","0","0","0","0","0","0","0","0","0","0","0","0","0","0","0","0","0","0","0","1","0","0","0","0","0","0","0","0","0","0","0","0","0","0","0","0","0","0","0","0","0","0","0","0","0","0","0","0","0","1","0","0","0","0","1"
"KRI","6","0","0","0","0","0","0","0","0","0","0","0","0","0","0","0","0","0","0","0","1","0","0","0","0","0","0","0","0","0","0","0","0","0","0","0","0","0","0","0","0","0","0","0","0","0","0","0","0","0","1","0","0","0","0","1"
"KRT","5","0","0","0","0","0","0","0","0","0","0","0","0","0","0","0","0","0","0","0","1","0","0","0","0","0","0","1","0","0","0","0","0","0","1","0","0","0","1","0","1","0","0","0","0","1","0","0","0","1","1","0","0","1","0","1"
"KRU","7","0","0","0","0","0","0","0","0","0","0","0","0","0","0","0","0","0","0","0","0","0","0","0","0","0","0","0","0","0","0","0","0","0","0","0","0","0","0","0","0","0","0","0","0","0","0","0","0","0","0","0","0","0","0","0"
"KSN","7","0","0","0","0","0","0","0","0","0","0","0","0","0","0","0","0","0","0","0","0","0","0","0","0","0","0","0","0","0","0","0","0","0","0","0","0","0","0","0","0","0","0","0","0","0","0","0","0","0","0","0","0","0","0","0"
"KTI","4","0","1","0","1","0","0","0","0","1","0","0","0","0","1","0","1","1","0","0","1","0","0","1","0","0","1","1","0","0","0","0","0","0","1","0","0","0","1","0","1","0","0","1","0","1","0","0","0","1","1","1","0","1","0","1"
"KTU","6","0","0","0","0","0","0","0","0","0","0","0","0","0","0","0","0","0","0","0","1","0","0","0","0","0","0","0","0","0","0","0","0","0","0","0","0","0","0","0","0","0","0","0","0","0","0","0","0","0","1","0","0","0","0","1"
"KUN","4","0","1","0","1","0","0","0","0","1","0","0","0","0","1","0","1","1","0","0","1","0","0","1","0","0","1","1","0","0","0","0","0","0","1","0","0","0","1","0","1","0","0","1","0","1","0","0","0","1","1","1","0","1","0","1"
"KUT","4","0","1","0","1","0","0","0","0","1","0","0","0","0","1","0","1","1","0","0","1","0","0","1","0","0","1","1","0","0","0","0","0","0","1","0","0","0","1","0","1","0","0","1","0","1","0","0","0","1","1","1","0","1","0","1"
"KYN","6","0","0","0","0","0","0","0","0","0","0","0","0","0","0","0","0","0","0","0","1","0","0","0","0","0","0","0","0","0","0","0","0","0","0","0","0","0","0","0","0","0","0","0","0","0","0","0","0","0","1","0","0","0","0","1"
"KZH","4","0","1","0","1","0","0","0","0","1","0","0","0","0","1","0","1","1","0","0","1","0","0","1","0","0","1","1","0","0","0","0","0","0","1","0","0","0","1","0","1","0","0","1","0","1","0","0","0","1","1","1","0","1","0","1"
"KZM","6","0","0","0","0","0","0","0","0","0","0","0","0","0","0","0","0","0","0","0","1","0","0","0","0","0","0","0","0","0","0","0","0","0","0","0","0","0","0","0","0","0","0","0","0","0","0","0","0","0","1","0","0","0","0","1"
"LAD","4","0","1","0","1","0","0","0","0","1","0","0","0","0","1","0","1","1","0","0","1","0","0","1","0","0","1","1","0","0","0","0","0","0","1","0","0","0","1","0","1","0","0","1","0","1","0","0","0","1","1","1","0","1","0","1"
"LAH","4","0","1","0","1","0","0","0","0","1","0","0","0","0","1","0","1","1","0","0","1","0","0","1","0","0","1","1","0","0","0","0","0","0","1","0","0","0","1","0","1","0","0","1","0","1","0","0","0","1","1","1","0","1","0","1"
"LAN","4","1","1","0","1","0","0","0","0","1","0","0","0","0","1","0","1","1","0","1","1","0","0","1","0","0","1","1","0","0","0","0","0","0","1","0","0","0","1","0","1","0","0","1","0","1","0","0","0","1","1","1","0","1","0","1"
"LBA","7","0","0","0","0","0","0","0","0","0","0","0","0","0","0","0","0","0","0","0","0","0","0","0","0","0","0","0","0","0","0","0","0","0","0","0","0","0","0","0","0","0","0","0","0","0","0","0","0","0","0","0","0","0","0","0"
"LGA","7","0","0","0","0","0","0","0","0","0","0","0","0","0","0","0","0","0","0","0","0","0","0","0","0","0","0","0","0","0","0","0","0","0","0","0","0","0","0","0","0","0","0","0","0","0","0","0","0","0","0","0","0","0","0","0"
"LIB","3","1","1","1","1","0","0","0","0","1","1","0","1","1","1","0","1","1","0","0","1","0","0","1","0","0","1","1","0","0","0","1","1","1","1","0","0","1","1","0","1","0","0","1","0","1","1","0","0","1","1","1","0","1","1","1"
"LIP","2","0","0","0","0","1","0","0","0","0","0","1","0","0","0","1","0","0","1","0","0","0","0","0","0","0","0","0","0","0","0","0","0","0","0","0","1","0","0","0","0","0","0","0","0","0","0","0","0","0","0","0","0","0","0","0"
"LKT","6","0","0","0","0","0","0","0","0","0","0","0","0","0","0","0","0","0","0","0","1","0","0","0","0","0","0","0","0","0","0","0","0","0","0","0","0","0","0","0","0","0","0","0","0","0","0","0","0","0","1","0","0","0","0","1"
"LND","7","0","0","0","0","0","0","0","0","0","0","0","0","0","0","0","0","0","0","0","0","0","0","0","0","0","0","0","0","0","0","0","0","0","0","0","0","0","0","0","0","0","0","0","0","0","0","0","0","0","0","0","0","0","0","0"
"LNG","6","0","0","0","0","0","0","0","0","0","0","0","0","0","0","0","0","0","0","0","1","0","0","0","0","0","0","0","0","0","0","0","0","0","0","0","0","0","0","0","0","0","0","0","0","0","0","0","0","0","1","0","0","0","0","1"
"LRR","6","0","0","0","0","0","0","0","0","0","0","0","0","0","0","0","0","0","0","0","1","0","0","0","0","0","0","0","0","0","0","0","0","0","0","0","0","0","0","0","0","0","0","0","0","0","0","0","0","0","1","0","0","0","0","1"
"LUA","4","0","1","0","1","0","0","0","0","1","0","0","0","0","1","0","1","1","0","0","1","0","0","1","0","0","1","1","0","0","0","0","0","0","1","0","0","0","1","0","1","0","0","1","0","1","0","0","0","1","1","1","0","1","0","1"
"LUB","2","0","0","0","0","1","0","0","0","0","0","1","0","0","0","1","0","0","1","0","0","0","0","0","0","0","0","0","0","0","0","0","0","0","0","0","1","0","0","0","0","0","0","0","0","0","0","0","0","0","0","0","0","0","0","0"
"LUC","3","1","1","1","1","0","1","0","0","1","1","0","1","1","1","0","1","1","0","0","1","0","0","1","0","0","1","1","0","0","0","1","1","1","1","0","0","1","1","0","1","0","0","1","0","1","1","0","0","1","1","1","0","1","1","1"
"LUO","6","0","0","0","0","0","0","0","0","0","0","0","0","0","0","0","0","0","0","0","1","0","0","0","0","0","0","0","0","0","0","0","0","0","0","0","0","0","0","0","0","0","0","0","0","0","0","0","0","0","1","0","0","0","0","1"
"LUX","2","0","0","0","0","1","0","0","0","0","0","1","0","0","0","1","0","0","1","0","0","0","0","0","0","0","0","0","0","0","0","0","0","0","0","0","1","0","0","0","0","0","0","0","0","0","0","0","0","0","0","0","0","0","0","0"
"LZO","7","0","0","0","0","0","0","0","0","0","0","0","0","0","0","0","0","0","0","0","0","0","0","0","0","0","0","0","0","0","0","0","0","0","0","0","0","0","0","0","0","0","0","0","0","0","0","0","0","0","0","0","0","0","0","0"
"MAD","6","0","0","0","0","0","0","0","0","0","0","0","0","0","0","0","0","0","0","0","1","0","0","0","0","0","0","1","0","0","0","0","0","0","0","0","0","0","0","0","0","0","0","0","0","0","0","0","0","0","1","0","0","0","0","1"
"MAH","4","0","1","0","1","0","0","0","0","1","0","0","0","0","1","0","1","1","0","0","1","0","0","1","0","0","1","1","0","0","0","0","0","0","1","0","0","0","1","0","1","0","0","1","0","1","0","0","0","1","1","1","0","1","0","1"
"MAI","4","0","1","0","1","0","0","0","0","1","0","0","0","0","1","0","1","1","0","0","1","0","0","1","0","0","1","1","0","0","0","0","0","0","1","0","0","0","1","0","1","0","0","1","0","1","0","0","0","1","1","1","0","1","0","1"
"MAK","4","0","1","0","1","0","0","0","0","1","0","0","0","0","1","0","1","1","0","0","1","0","0","1","0","0","1","1","0","0","0","0","0","0","1","0","0","0","1","0","1","0","0","1","0","1","0","0","0","1","1","1","0","1","0","1"
"MAS","4","0","1","0","1","0","0","0","0","1","0","0","0","0","1","0","1","1","0","0","1","0","0","1","0","0","1","1","0","0","0","0","0","0","1","0","0","0","1","0","1","0","0","1","0","1","0","0","0","1","1","1","0","1","0","1"
"MBS","5","0","0","0","0","0","0","0","0","0","0","0","0","0","0","0","0","0","0","0","1","0","0","0","0","0","0","1","0","0","0","0","0","0","1","0","0","0","1","0","1","0","0","0","0","1","0","0","0","1","1","0","0","1","0","1"
"MCR","7","0","0","0","0","0","0","0","0","0","0","0","0","0","0","0","0","0","0","0","0","0","0","0","0","0","0","0","0","0","0","0","0","0","0","0","0","0","0","0","0","0","0","0","0","0","0","0","0","0","0","0","0","0","0","0"
"MDK","7","0","0","0","0","0","0","0","0","0","0","0","0","0","0","0","0","0","0","0","0","0","0","0","0","0","0","0","0","0","0","0","0","0","0","0","0","0","0","0","0","0","0","0","0","0","0","0","0","0","0","0","0","0","0","0"
"MEC","2","0","0","0","0","1","0","0","0","0","0","1","0","0","0","1","0","0","1","0","0","0","0","0","0","0","0","0","0","0","0","0","0","0","0","0","1","0","0","0","0","0","0","0","0","0","0","0","0","0","0","0","0","0","0","0"
"MEI","2","0","0","0","0","1","0","0","0","0","0","1","0","0","0","1","0","0","1","0","0","0","0","0","0","0","0","0","0","0","0","0","0","0","0","0","1","0","0","0","0","0","0","0","0","0","0","0","0","0","0","0","0","0","0","0"
"MEW","4","0","1","0","1","0","0","0","0","1","0","0","0","0","1","0","1","1","0","0","1","0","0","1","0","0","1","1","0","0","0","0","0","0","1","0","0","0","1","0","1","0","0","1","0","1","0","0","0","1","1","1","0","1","0","1"
"MEX","3","1","1","1","1","0","0","0","0","1","1","0","1","1","1","0","1","1","0","1","1","0","0","1","0","0","1","1","0","0","0","1","1","1","1","0","0","1","1","0","1","0","0","1","0","1","1","0","0","1","1","1","0","1","1","1"
"MGD","4","0","1","0","1","0","0","0","0","1","0","0","0","0","1","0","1","1","0","0","1","0","0","1","0","0","1","1","0","0","0","0","0","0","1","0","0","0","1","0","1","0","0","1","0","1","0","0","0","1","1","1","0","1","0","1"
"MGH","6","0","0","0","0","0","0","0","0","0","0","0","0","0","0","0","0","0","0","0","1","0","0","0","0","0","0","0","0","0","0","0","0","0","0","0","0","0","0","0","0","0","0","0","0","0","0","0","0","0","1","0","0","0","0","1"
"MJK","7","0","0","0","0","0","0","0","0","0","0","0","0","0","0","0","0","0","0","0","0","0","0","0","0","0","0","0","0","0","0","0","0","0","0","0","0","0","0","0","0","0","0","0","0","0","0","0","0","0","0","0","0","0","0","0"
"MJT","5","0","0","0","0","0","0","0","0","0","0","0","0","0","0","0","0","0","0","0","1","0","0","0","0","0","0","1","0","0","0","0","0","0","1","0","0","0","1","0","1","0","0","0","0","1","0","0","0","1","1","0","0","1","0","1"
"MKT","4","0","1","0","1","0","0","0","0","1","0","0","0","0","1","0","1","1","0","0","1","0","0","1","0","0","1","1","0","0","0","0","0","0","1","0","0","0","1","0","1","0","0","1","0","1","0","0","0","1","1","1","0","1","0","1"
"MLD","4","0","1","0","1","0","0","0","0","1","0","0","0","0","1","0","1","1","0","0","1","0","0","1","0","0","1","1","0","0","0","0","0","0","1","0","0","0","1","0","1","0","0","1","0","1","0","0","0","1","1","1","0","1","0","1"
"MNB","7","0","0","0","0","0","0","0","0","0","0","0","0","0","0","0","0","0","0","0","0","0","0","0","0","0","0","0","0","0","0","0","0","0","0","0","0","0","0","0","0","0","0","0","0","0","0","0","0","0","0","0","0","0","0","0"
"MNC","7","0","0","0","0","0","0","0","0","0","0","0","0","0","0","0","0","0","0","0","0","0","0","0","0","0","0","0","0","0","0","0","0","0","0","0","0","0","0","0","0","0","0","0","0","0","0","0","0","0","0","0","0","0","0","0"
"MND","7","0","0","0","0","0","0","0","0","0","0","0","0","0","0","0","0","0","0","0","0","0","0","0","0","0","0","0","0","0","0","0","0","0","0","0","0","0","0","0","0","0","0","0","0","0","0","0","0","0","0","0","0","0","0","0"
"MNP","4","0","1","0","1","0","0","0","0","1","0","0","0","0","1","0","1","1","0","0","1","0","0","1","0","0","1","1","0","0","0","0","0","0","1","0","0","0","1","0","1","0","0","1","0","1","0","0","0","1","1","1","0","1","0","1"
"MOD","3","1","1","1","1","0","1","0","0","1","1","0","1","1","1","0","1","1","0","0","1","0","0","1","0","0","1","1","0","0","0","1","1","1","1","0","0","1","1","0","1","0","0","1","0","1","1","0","0","1","1","1","0","1","1","1"
"MOL","3","1","1","1","1","0","0","0","0","1","1","0","1","1","1","0","1","1","0","0","1","0","0","1","0","0","1","1","0","0","0","1","1","1","1","0","0","1","1","0","1","0","0","1","0","1","1","0","0","1","1","1","0","1","1","1"
"MON","3","1","1","1","1","0","0","0","0","1","1","0","1","1","1","0","1","1","0","0","1","0","0","1","0","0","1","1","0","0","0","1","1","1","1","0","0","1","1","0","1","0","0","1","0","1","1","0","0","1","1","1","0","1","1","1"
"MOR","4","0","1","0","1","0","0","0","0","1","0","0","0","0","1","0","1","1","0","0","1","0","0","1","0","0","1","1","0","0","0","0","0","0","1","0","0","0","1","0","1","0","0","1","0","1","0","0","0","1","1","1","0","1","0","1"
"MOS","6","0","0","0","0","0","0","0","0","0","0","0","0","0","0","0","0","0","0","0","1","0","0","0","0","0","0","0","0","0","0","0","0","0","0","0","0","0","0","0","0","0","0","0","0","0","0","0","0","0","1","0","0","0","0","1"
"MRA","6","0","0","0","0","0","0","0","0","0","0","0","0","0","0","0","0","0","0","0","1","0","0","0","0","0","0","0","0","0","0","0","0","0","0","0","0","0","0","0","0","0","0","0","0","0","0","0","0","0","1","0","0","0","0","1"
"MRN","6","0","0","0","0","0","0","0","0","0","0","0","0","0","0","0","0","0","0","0","1","0","0","0","0","0","0","0","0","0","0","0","0","0","0","0","0","0","0","0","0","0","0","0","0","0","0","0","0","0","1","0","0","0","0","1"
"MRV","7","0","0","0","0","0","0","0","0","0","0","0","0","0","0","0","0","0","0","0","0","0","0","0","0","0","0","0","0","0","0","0","0","0","0","0","0","0","0","0","0","0","0","0","0","0","0","0","0","0","0","0","0","0","0","0"
"MSH","7","0","0","0","0","0","0","0","0","0","0","0","0","0","0","0","0","0","0","0","0","0","0","0","0","0","0","0","0","0","0","0","0","0","0","0","0","0","0","0","0","0","0","0","0","0","0","0","0","0","0","0","0","0","0","0"
"MSI","7","0","0","0","0","0","0","0","0","0","0","0","0","0","0","0","0","0","0","0","0","0","0","0","0","0","0","0","0","0","0","0","0","0","0","0","0","0","0","0","0","0","0","0","0","0","0","0","0","0","0","0","0","0","0","0"
"MSK","7","0","0","0","0","0","0","0","0","0","0","0","0","0","0","0","0","0","0","0","0","0","0","0","0","0","0","0","0","0","0","0","0","0","0","0","0","0","0","0","0","0","0","0","0","0","0","0","0","0","0","0","0","0","0","0"
"MSN","5","0","0","0","0","0","0","0","0","0","0","0","0","0","0","0","0","0","0","0","1","0","0","0","0","0","0","1","0","0","0","0","0","0","1","0","0","0","1","0","1","0","0","0","0","1","0","0","0","1","1","0","0","1","0","1"
"MST","2","0","0","0","0","1","0","0","0","0","0","1","0","0","0","1","0","0","1","0","0","0","0","0","0","0","0","0","0","0","0","0","0","0","0","0","1","0","0","0","0","0","0","0","0","0","0","0","0","0","0","0","0","0","0","0"
"MTB","6","0","0","0","0","0","0","0","0","0","0","0","0","0","0","0","0","0","0","0","1","0","0","0","0","0","0","0","0","0","0","0","0","0","0","0","0","0","0","0","0","0","0","0","0","0","0","0","0","0","1","0","0","0","0","1"
"MTP","7","0","0","0","0","0","0","0","0","0","0","0","0","0","0","0","0","0","0","0","0","0","0","0","0","0","0","0","0","0","0","0","0","0","0","0","0","0","0","0","0","0","0","0","0","0","0","0","0","0","0","0","0","0","0","0"
"MUG","4","0","1","0","1","0","0","0","0","1","0","0","0","0","1","0","1","1","0","0","1","0","0","1","0","0","1","1","0","0","0","0","0","0","1","0","0","0","1","0","1","0","0","1","0","1","0","0","0","1","1","1","0","1","0","1"
"MYB","4","0","1","0","1","0","0","0","0","1","0","0","0","0","1","0","1","1","0","0","1","0","0","1","0","0","1","1","0","0","0","0","0","0","1","0","0","0","1","0","1","0","0","1","0","1","0","0","0","1","1","1","0","1","0","1"
"MYS","3","1","1","1","1","0","0","0","0","1","1","0","1","1","1","0","1","1","0","0","1","0","0","1","0","0","1","1","0","0","0","1","1","1","1","0","0","1","1","0","1","0","0","1","0","1","1","0","0","1","1","1","0","1","1","1"
"MZB","6","0","0","0","0","0","0","0","0","0","0","0","0","0","0","0","0","0","0","0","1","0","0","0","0","0","0","0","0","0","0","0","0","0","0","0","0","0","0","0","0","0","0","0","0","0","0","0","0","0","1","0","0","0","0","1"
"NAG","4","0","1","0","1","0","0","0","0","1","0","0","0","0","1","0","1","1","0","0","1","0","0","1","0","0","1","1","0","0","0","0","0","0","1","0","0","0","1","0","1","0","0","1","0","1","0","0","0","1","1","1","0","1","0","1"
"NAM","7","0","0","0","0","0","0","0","0","0","0","0","0","0","0","0","0","0","0","0","0","0","0","0","0","0","0","0","0","0","0","0","0","0","0","0","0","0","0","0","0","0","0","0","0","0","0","0","0","0","0","0","0","0","0","0"
"NAR","4","0","1","0","1","0","0","0","0","1","0","0","0","0","1","0","1","1","0","0","1","0","0","1","0","0","1","1","0","0","0","0","0","0","1","0","0","0","1","0","1","0","0","1","0","1","0","0","0","1","1","1","0","1","0","1"
"NAS","3","1","1","1","1","0","0","0","0","1","1","0","1","1","1","0","1","1","0","0","1","0","0","1","0","0","1","1","0","0","0","1","1","1","1","0","0","1","1","0","1","0","0","1","0","1","1","0","0","1","1","1","0","1","1","1"
"NAW","4","0","1","0","1","0","0","0","0","1","0","0","0","0","1","0","1","1","0","0","1","0","0","1","0","0","1","1","0","0","0","0","0","0","1","0","0","0","1","0","1","0","0","1","0","1","0","0","0","1","1","1","0","1","0","1"
"NBS","2","0","0","0","0","1","0","0","0","0","0","1","0","0","0","1","0","0","1","0","0","0","0","0","0","0","0","0","0","0","0","0","0","0","0","0","1","0","0","0","0","0","0","0","0","0","0","0","0","0","0","0","0","0","0","0"
"NEJ","4","0","1","0","1","0","0","0","0","1","0","0","0","0","1","0","1","1","0","0","1","0","0","1","0","0","1","1","0","0","0","0","0","0","1","0","0","0","1","0","1","0","0","1","0","1","0","0","0","1","1","1","0","1","0","1"
"NEP","4","0","1","0","1","0","0","0","0","1","0","0","0","0","1","0","1","1","0","0","1","0","0","1","0","0","1","1","0","0","0","0","0","0","1","0","0","0","1","0","1","0","0","1","0","1","0","0","0","1","1","1","0","1","0","1"
"NET","2","0","0","0","0","1","0","0","0","0","0","1","0","0","0","1","0","0","1","0","0","0","0","0","0","0","0","0","0","0","0","0","0","0","0","0","1","0","0","0","0","0","0","0","0","0","0","0","0","0","0","0","0","0","0","0"
"NGA","6","0","0","0","0","0","0","0","0","0","0","0","0","0","0","0","0","0","0","0","1","0","0","0","0","0","0","0","0","0","0","0","0","0","0","0","0","0","0","0","0","0","0","0","0","0","0","0","0","0","1","0","0","0","0","1"
"NNG","6","0","0","0","0","0","0","0","0","0","0","0","0","0","0","0","0","0","0","0","1","0","0","0","0","0","0","0","0","0","0","0","0","0","0","0","0","0","0","0","0","0","0","0","0","0","0","0","0","0","1","0","0","0","0","1"
"NOR","2","0","0","0","0","1","0","0","0","0","0","1","0","0","0","1","0","0","1","0","0","0","0","0","0","0","0","0","0","0","0","0","0","0","0","0","1","0","0","0","0","0","0","0","0","0","0","0","0","0","0","0","0","0","0","0"
"NPU","3","1","1","1","1","0","0","0","0","1","1","0","1","1","1","0","1","1","0","1","1","0","0","1","0","0","1","1","0","0","0","1","1","1","1","0","0","1","1","0","1","0","0","1","0","1","1","0","0","1","1","1","0","1","1","1"
"NRU","7","0","0","0","0","0","0","0","0","0","0","0","0","0","0","0","0","0","0","0","0","0","0","0","0","0","0","0","0","0","0","0","0","0","0","0","0","0","0","0","0","0","0","0","0","0","0","0","0","0","0","0","0","0","0","0"
"NSW","2","0","0","0","0","1","0","0","0","0","0","1","0","0","0","1","0","0","1","0","0","0","0","0","0","0","0","0","0","0","0","0","0","0","0","0","1","0","0","0","0","0","0","0","0","0","0","0","0","0","0","0","0","0","0","0"
"NTO","5","0","0","0","0","0","0","0","0","0","0","0","0","0","0","0","0","0","0","0","1","0","0","0","0","0","0","1","0","0","0","0","0","0","1","0","0","0","1","0","1","0","0","0","0","1","0","0","0","1","1","0","0","1","0","1"
"NTU","5","0","0","0","0","0","0","0","0","0","0","0","0","0","0","0","0","0","0","0","1","0","0","0","0","0","0","1","0","0","0","0","0","0","1","0","0","0","1","0","1","0","0","0","0","1","0","0","0","1","1","0","0","1","0","1"
"NUE","7","0","0","0","0","0","0","0","0","0","0","0","0","0","0","0","0","0","0","0","0","0","0","0","0","0","0","0","0","0","0","0","0","0","0","0","0","0","0","0","0","0","0","0","0","0","0","0","0","0","0","0","0","0","0","0"
"NVJ","6","0","0","0","0","0","0","0","0","0","0","0","0","0","0","0","0","0","0","0","1","0","0","0","0","0","0","0","0","0","0","0","0","0","0","0","0","0","0","0","0","0","0","0","0","0","0","0","0","0","1","0","0","0","0","1"
"NVS","2","0","0","0","0","1","0","0","0","0","0","1","0","0","0","1","0","0","1","0","0","0","0","0","0","0","0","0","0","0","0","0","0","0","0","0","1","0","0","0","0","0","0","0","0","0","0","0","0","0","0","0","0","0","0","0"
"NYM","6","0","0","0","0","0","0","0","0","0","0","0","0","0","0","0","0","0","0","0","1","0","0","0","0","0","0","0","0","0","0","0","0","0","0","0","0","0","0","0","0","0","0","0","0","0","0","0","0","0","1","0","0","0","0","1"
"NYP","6","0","0","0","0","0","0","0","0","0","0","0","0","0","0","0","0","0","0","0","1","0","0","0","0","0","0","0","0","0","0","0","0","0","0","0","0","0","0","0","0","0","0","0","0","0","0","0","0","0","1","0","0","0","0","1"
"NZP","6","0","0","0","0","0","0","0","0","0","0","0","0","0","0","0","0","0","0","0","1","0","0","0","0","0","0","0","0","0","0","0","0","0","0","0","0","0","0","0","0","0","0","0","0","0","0","0","0","0","1","0","0","0","0","1"
"OGD","7","0","0","0","0","0","0","0","0","0","0","0","0","0","0","0","0","0","0","0","0","0","0","0","0","0","0","0","0","0","0","0","0","0","0","0","0","0","0","0","0","0","0","0","0","0","0","0","0","0","0","0","0","0","0","0"
"OLD","2","0","0","0","0","1","0","0","0","0","0","1","0","0","0","1","0","0","1","0","0","0","0","0","0","0","0","0","0","0","0","0","0","0","0","0","1","0","0","0","0","0","0","0","0","0","0","0","0","0","0","0","0","0","0","0"
"OMA","4","0","1","0","1","0","0","0","0","1","0","0","0","1","1","0","1","1","0","0","1","0","0","1","0","0","1","1","0","0","0","0","0","0","1","0","0","0","1","0","1","0","0","1","0","1","0","0","0","1","1","1","0","1","0","1"
"OMO","7","0","0","0","0","0","0","0","0","0","0","0","0","0","0","0","0","0","0","0","0","0","0","0","0","0","0","0","0","0","0","0","0","0","0","0","0","0","0","0","0","0","0","0","0","0","0","0","0","0","0","0","0","0","0","0"
"ONT","2","0","0","0","0","1","0","0","0","0","0","1","0","0","0","1","0","0","1","0","0","0","0","0","0","0","0","0","0","0","0","0","0","0","0","0","1","0","0","0","0","0","0","0","0","0","0","0","0","0","0","0","0","0","0","0"
"ORA","3","1","1","1","1","0","0","0","0","1","1","0","1","1","1","0","1","1","0","0","1","0","0","1","0","0","1","1","0","0","0","1","1","1","1","0","0","1","1","0","1","0","0","1","0","1","1","0","0","1","1","1","0","1","1","1"
"ORG","2","0","0","0","0","1","0","0","0","0","0","1","0","0","0","1","0","0","1","0","0","0","0","0","0","0","0","0","0","0","0","0","0","0","0","0","1","0","0","0","0","0","0","0","0","0","0","0","0","0","0","0","0","0","0","0"
"ORM","7","0","0","0","0","0","0","0","0","0","0","0","0","0","0","0","0","0","0","0","0","0","0","0","0","0","0","0","0","0","0","0","0","0","0","0","0","0","0","0","0","0","0","0","0","0","0","0","0","0","0","0","0","0","0","0"
"OUA","6","0","0","0","0","0","0","0","0","0","0","0","0","0","0","0","0","0","0","0","1","0","0","0","0","0","0","0","0","0","0","0","0","0","0","0","0","0","0","0","0","0","0","0","0","0","0","0","0","0","1","0","0","0","0","1"
"OVB","7","0","0","0","0","0","0","0","0","0","0","0","0","0","0","0","0","0","0","0","0","0","0","0","0","0","0","0","0","0","0","0","0","0","0","0","0","0","0","0","0","0","0","0","0","0","0","0","0","0","0","0","0","0","0","0"
"OVM","7","0","0","0","0","0","0","0","0","0","0","0","0","0","0","0","0","0","0","0","0","0","0","0","0","0","0","0","0","0","0","0","0","0","0","0","0","0","0","0","0","0","0","0","0","0","0","0","0","0","0","0","0","0","0","0"
"OYO","5","0","0","0","0","0","0","0","0","0","0","0","0","0","0","0","0","0","0","0","1","0","0","0","0","0","0","1","0","0","0","0","0","0","1","0","0","0","1","0","1","0","0","0","0","1","0","0","0","1","1","0","0","1","0","1"
"OZH","4","0","1","0","1","0","0","0","0","1","0","0","0","0","1","0","1","1","0","0","1","0","0","1","0","0","1","1","0","0","0","0","0","0","1","0","0","0","1","0","1","0","0","1","0","1","0","0","0","1","1","1","0","1","0","1"
"PAA","6","0","0","0","0","0","0","0","0","0","0","0","0","0","0","0","0","0","0","0","1","0","0","0","0","0","0","0","0","0","0","0","0","0","0","0","0","0","0","0","0","0","0","0","0","0","0","0","0","0","1","0","0","0","0","1"
"PAN","4","0","1","0","1","0","0","0","0","1","0","0","0","0","1","0","1","1","0","0","1","0","0","1","0","0","1","1","0","0","0","0","1","1","1","0","0","0","1","0","1","0","0","1","0","1","0","0","0","1","1","1","0","1","0","1"
"PAP","3","1","1","1","1","0","1","0","0","1","1","0","1","1","1","0","1","1","0","0","1","0","0","1","0","0","1","1","0","0","0","1","1","1","1","0","0","1","1","0","1","0","0","1","0","1","1","0","0","1","1","1","0","1","1","1"
"PAR","3","1","1","1","1","0","1","0","0","1","1","0","1","1","1","0","1","1","0","0","1","0","0","1","0","0","1","1","0","0","0","1","1","1","1","0","0","1","1","0","1","0","0","1","0","1","1","0","0","1","1","1","0","1","1","1"
"PAT","6","0","0","0","0","0","0","0","0","0","0","0","0","0","0","0","0","0","0","0","1","0","0","0","0","0","0","0","0","0","0","0","0","0","0","0","0","0","0","0","0","0","0","0","0","0","0","0","0","0","1","0","0","0","0","1"
"PCO","3","1","1","1","1","0","0","0","0","1","1","0","1","1","1","0","1","1","0","0","1","0","0","1","0","0","1","1","0","0","0","1","1","1","1","0","0","1","1","0","1","0","0","1","0","1","1","0","0","1","1","1","0","1","1","1"
"PDI","6","0","0","0","0","0","0","0","0","0","0","0","0","0","0","0","0","0","0","0","1","0","0","0","0","0","0","0","0","0","0","0","0","0","0","0","0","0","0","0","0","0","0","0","0","0","0","0","0","0","1","0","0","0","0","1"
"PER","4","0","1","0","1","0","0","0","0","1","0","0","0","0","1","0","1","1","0","0","1","0","0","1","0","0","1","1","0","0","0","1","0","0","1","0","0","0","1","0","1","0","0","1","0","1","0","0","0","1","1","1","0","1","1","1"
"PHI","3","1","1","1","1","0","0","0","0","1","1","0","1","1","1","0","1","1","0","0","1","0","0","1","0","0","1","1","0","0","0","1","1","1","1","0","0","1","1","0","1","0","0","1","0","1","1","0","0","1","1","1","0","1","1","1"
"PHL","6","0","0","0","0","0","0","0","0","0","0","0","0","0","0","0","0","0","0","0","1","0","0","0","0","0","0","1","0","0","0","0","0","0","0","0","0","0","0","0","0","0","0","0","0","1","0","0","0","0","1","0","0","1","0","1"
"PLP","4","0","1","0","1","0","0","0","0","1","0","0","0","0","1","0","1","1","0","0","1","0","0","1","0","0","1","1","0","0","0","0","0","0","1","0","0","0","1","0","1","0","0","1","0","1","0","0","0","1","1","1","0","1","0","1"
"PLY","5","0","0","0","0","0","0","0","0","0","0","0","0","0","0","0","0","0","0","0","1","0","0","0","0","0","0","1","0","0","0","0","0","0","1","0","0","0","1","0","1","0","0","0","0","1","0","0","0","1","1","0","0","1","0","1"
"PMA","6","0","0","0","0","0","0","0","0","0","0","0","0","0","0","0","0","0","0","0","1","0","0","0","0","0","0","0","0","0","0","0","0","0","0","0","0","0","0","0","0","0","0","0","0","0","0","0","0","0","1","0","0","0","0","1"
"PNI","3","1","1","1","1","0","0","0","0","1","1","0","1","1","1","0","1","1","0","0","1","0","0","1","0","0","1","1","0","0","0","1","1","1","1","0","0","1","1","0","1","0","0","1","0","1","1","0","0","1","1","1","0","1","1","1"
"PON","4","0","1","0","1","0","0","0","0","1","0","0","0","0","1","0","1","1","0","0","1","0","0","1","0","0","1","1","0","0","0","0","0","0","1","0","0","0","1","0","1","0","0","1","0","1","0","0","0","1","1","1","0","1","0","1"
"POR","3","1","1","1","1","1","0","0","0","1","1","0","1","1","1","0","1","1","0","1","1","0","0","1","0","0","1","1","0","0","0","1","1","1","1","1","0","1","1","1","1","0","0","1","0","1","1","0","0","1","1","1","1","1","1","1"
"PPU","7","0","0","0","0","0","0","0","0","0","0","0","0","0","0","0","0","0","0","0","0","0","0","0","0","0","0","0","0","0","0","0","0","0","0","0","0","0","0","0","0","0","0","0","0","0","0","0","0","0","0","0","0","0","0","0"
"PRA","3","1","1","1","1","0","0","0","0","1","1","0","1","1","1","0","1","1","0","0","1","0","0","1","0","0","1","1","0","0","0","1","1","1","1","0","0","1","1","0","1","0","0","1","0","1","1","0","0","1","1","1","0","1","1","1"
"PRG","3","1","1","1","1","0","0","1","0","1","1","0","1","1","1","0","1","1","1","1","1","0","0","1","0","0","1","1","0","0","0","1","1","1","1","1","0","1","1","0","1","0","0","1","0","1","1","0","0","1","1","1","0","1","1","1"
"PRK","4","0","1","0","1","0","0","0","0","1","0","0","0","0","1","0","1","1","0","0","1","0","0","1","0","0","1","1","0","0","0","0","0","0","1","0","0","0","1","0","1","0","0","1","0","1","0","0","0","1","1","1","0","1","0","1"
"PRU","1","0","0","0","0","1","0","1","1","0","0","1","0","0","0","1","0","0","1","0","0","0","1","0","0","1","0","0","0","0","0","0","0","0","0","0","1","0","0","0","0","1","1","0","1","0","0","1","0","0","0","0","0","0","0","0"
"PTA","4","0","1","0","1","0","0","0","0","1","0","0","0","0","1","0","1","1","0","0","1","0","0","1","0","0","1","1","0","0","0","0","0","0","1","0","0","0","1","0","1","0","0","1","0","1","0","0","0","1","1","1","0","1","0","1"
"PTN","4","0","1","0","1","0","0","0","0","1","0","0","0","0","1","0","1","1","0","0","1","0","0","1","0","0","1","1","0","0","0","0","0","0","1","0","0","0","1","0","1","0","0","1","0","1","0","0","0","1","1","1","0","1","0","1"
"PUD","4","0","1","0","1","0","0","0","0","1","0","0","0","0","1","0","1","1","0","0","1","0","0","1","0","0","1","1","0","0","0","0","0","0","1","0","0","0","1","0","1","0","0","1","0","1","0","0","0","1","1","1","0","1","0","1"
"PWN","6","0","0","0","0","0","0","0","0","0","0","0","0","0","0","0","0","0","0","0","1","0","0","0","0","0","0","0","0","0","0","0","0","0","0","0","0","0","0","0","0","0","0","0","0","0","0","0","0","0","1","0","0","0","0","1"
"QUE","2","0","0","0","0","1","0","0","0","0","0","1","0","0","0","1","0","0","1","0","0","0","0","0","0","0","0","0","0","0","0","0","0","0","0","0","1","0","0","0","0","0","0","0","0","0","0","0","0","0","0","0","0","0","0","0"
"QWR","5","0","0","0","0","0","0","0","0","0","0","0","0","0","0","0","0","0","0","0","1","0","0","0","0","0","0","1","0","0","0","0","0","0","1","0","0","0","1","0","1","0","0","0","0","1","0","0","0","1","1","0","0","1","0","1"
"RGB","6","0","0","0","0","0","0","0","0","0","0","0","0","0","0","0","0","0","0","0","1","0","0","0","0","0","0","0","0","0","0","0","0","0","0","0","0","0","0","0","0","0","0","0","0","0","0","0","0","0","1","0","0","0","0","1"
"RUS","3","1","1","1","1","0","0","0","0","1","1","1","1","1","1","0","1","1","0","0","1","1","0","1","0","0","1","1","0","0","0","1","1","1","1","0","0","1","1","1","1","0","0","1","0","1","1","0","0","1","1","1","1","1","1","1"
"RWD","6","0","0","0","0","0","0","0","0","0","0","0","0","0","0","0","0","0","0","0","1","0","0","0","0","0","0","0","0","0","0","0","0","0","0","0","0","0","0","0","0","0","0","0","0","0","0","0","0","0","1","0","0","0","0","1"
"RYU","4","0","1","0","1","0","0","0","0","1","0","0","0","0","1","0","1","1","0","0","1","0","0","1","0","0","1","1","0","0","0","0","0","0","1","0","0","0","1","0","1","0","0","1","0","1","0","0","0","1","1","1","0","1","0","1"
"SAF","2","0","0","0","0","1","0","0","0","0","0","1","0","0","0","1","0","0","1","0","0","0","0","0","0","0","0","0","0","0","0","0","0","0","0","0","1","0","0","0","0","0","0","0","0","0","0","0","0","0","0","0","0","0","0","0"
"SAH","6","0","0","0","0","0","0","0","0","0","0","0","0","0","0","0","0","0","0","0","1","0","0","0","0","0","0","0","0","0","0","0","0","0","0","0","0","0","0","0","0","0","0","0","0","0","0","0","0","0","1","0","0","0","0","1"
"SAK","4","0","1","0","1","0","0","0","0","1","0","0","0","0","1","0","1","1","0","0","1","0","0","1","0","0","1","1","0","0","0","0","0","0","1","0","0","0","1","0","1","0","0","1","0","1","0","0","0","1","1","1","0","1","0","1"
"SAN","7","0","0","0","0","0","0","0","0","0","0","0","0","0","0","0","0","0","0","0","0","0","0","0","0","0","0","0","0","0","0","0","0","0","0","0","0","0","0","0","0","0","0","0","0","0","0","0","0","0","0","0","0","0","0","0"
"SAR","2","0","0","0","0","1","0","0","0","0","0","1","0","0","0","1","0","0","1","0","0","0","0","0","0","0","0","0","0","0","0","0","0","0","0","0","1","0","0","0","0","0","0","0","0","0","0","0","0","0","0","0","0","0","0","0"
"SAS","2","0","0","0","0","1","0","0","0","0","0","1","0","0","0","1","0","0","1","0","0","0","0","0","0","0","0","0","0","0","0","0","0","0","0","0","1","0","0","0","0","0","0","0","0","0","0","0","0","0","0","0","0","0","0","0"
"SAT","4","0","1","0","1","0","0","0","0","1","0","0","0","0","1","0","1","1","0","0","1","0","0","1","0","0","1","1","0","0","0","0","0","0","1","0","0","0","1","0","1","0","0","1","0","1","0","0","0","1","1","1","0","1","0","1"
"SAX","2","0","0","0","0","1","0","0","0","0","0","1","0","0","0","1","0","0","1","0","0","0","0","0","0","0","0","0","0","0","0","0","0","0","0","0","1","0","0","0","0","0","0","0","1","0","0","0","0","0","0","0","0","0","0","0"
"SCH","2","0","0","0","0","1","0","0","0","0","0","1","0","0","0","1","0","0","1","0","0","0","0","0","0","0","0","0","0","0","0","0","0","0","0","0","1","0","0","0","0","0","0","0","0","0","0","0","0","0","0","0","0","0","0","0"
"SCM","2","0","0","0","0","1","0","0","0","0","0","1","0","0","0","1","0","0","1","0","0","0","0","0","0","0","0","0","0","0","0","0","0","0","0","0","1","0","0","0","0","0","0","0","0","0","0","0","0","0","0","0","0","0","0","0"
"SCT","6","0","0","0","0","0","0","0","0","0","0","0","0","0","0","0","0","0","0","0","1","0","0","0","0","0","0","0","0","0","0","0","0","0","0","0","0","0","0","0","0","0","0","0","0","0","0","0","0","0","1","0","0","0","0","1"
"SCW","2","0","0","0","0","1","0","0","0","0","0","1","0","0","0","1","0","0","1","0","0","0","0","0","0","0","0","0","0","0","0","0","0","0","0","0","1","0","0","0","0","0","0","0","0","0","0","0","0","0","0","0","0","0","0","0"
"SDM","5","0","0","0","0","0","0","0","0","0","0","0","0","0","0","0","0","0","0","0","1","0","0","0","0","0","0","1","0","0","0","0","0","0","1","0","0","0","1","0","1","0","0","0","0","1","0","0","0","1","1","0","0","1","0","1"
"SEL","4","0","1","0","1","0","0","0","0","1","0","0","0","0","1","0","1","1","0","0","1","0","0","1","0","0","1","1","0","0","0","0","0","0","1","0","0","0","1","0","1","0","0","1","0","1","0","0","0","1","1","1","0","1","0","1"
"SEQ","4","0","1","0","1","0","0","0","0","1","0","0","0","0","1","0","1","1","0","0","1","0","0","1","0","0","1","1","0","0","0","0","0","0","1","0","0","0","1","0","1","0","0","1","0","1","0","0","0","1","1","1","0","1","0","1"
"SER","3","1","1","1","1","0","0","0","0","1","1","0","1","1","1","0","1","1","0","1","1","0","0","1","0","0","1","1","0","0","0","1","1","1","1","1","0","1","1","0","1","0","0","1","0","1","1","0","0","1","1","1","0","1","1","1"
"SGU","5","0","0","0","0","0","0","0","0","0","0","0","0","0","0","0","0","0","0","0","1","0","0","0","0","0","0","1","0","0","0","0","0","0","1","0","0","0","1","0","1","0","0","0","0","1","0","0","0","1","1","0","0","1","0","1"
"SHS","4","0","1","0","1","0","0","0","0","1","0","0","0","0","1","0","1","1","0","0","1","0","0","1","0","0","1","1","0","0","0","0","0","0","1","0","0","0","1","0","1","0","0","1","0","1","0","0","0","1","1","1","0","1","0","1"
"SHW","5","0","0","0","0","0","0","0","0","0","0","0","0","0","0","0","0","0","0","0","1","0","0","0","0","0","0","1","0","0","0","0","0","0","1","0","0","0","1","0","1","0","0","0","0","1","0","0","0","1","1","0","0","1","0","1"
"SIA","4","0","1","0","1","0","0","0","0","1","0","0","0","0","1","0","1","1","0","0","1","0","0","1","0","0","1","1","0","0","0","0","0","0","1","0","0","0","1","0","1","0","0","1","0","1","0","0","1","1","1","1","0","1","0","1"
"SIC","3","1","1","1","1","0","1","0","0","1","1","0","1","1","1","0","1","1","0","0","1","0","0","1","0","0","1","1","0","0","0","1","1","1","1","0","0","1","1","0","1","0","0","1","0","1","1","0","0","1","1","1","0","1","1","1"
"SIK","4","0","1","0","1","0","0","0","0","1","0","0","0","0","1","0","1","1","0","0","1","0","0","1","0","0","1","1","0","0","0","0","0","0","1","0","0","0","1","0","1","0","0","1","0","1","0","0","0","1","1","1","0","1","0","1"
"SIL","3","1","1","1","1","0","0","0","0","1","1","0","1","1","1","0","1","1","0","0","1","0","0","1","0","0","1","1","0","0","0","1","1","1","1","0","0","1","1","0","1","0","0","1","0","1","1","0","0","1","1","1","0","1","1","1"
"SIN","4","0","1","0","1","0","0","0","0","1","0","0","0","0","1","0","1","1","0","0","1","0","0","1","0","0","1","1","0","0","0","0","0","0","1","0","0","0","1","0","1","0","0","1","0","1","0","0","0","1","1","1","0","1","0","1"
"SKH","7","0","0","0","0","0","0","0","0","0","0","0","0","0","0","0","0","0","0","0","0","0","0","0","0","0","0","0","0","0","0","0","0","0","0","0","0","0","0","0","0","0","0","0","0","0","0","0","0","0","0","0","0","0","0","0"
"SKM","7","0","0","0","0","0","0","0","0","0","0","0","0","0","0","0","0","0","0","0","0","0","0","0","0","0","0","0","0","0","0","0","0","0","0","0","0","0","0","0","0","0","0","0","0","0","0","0","0","0","0","0","0","0","0","0"
"SKY","7","0","0","0","0","0","0","0","0","0","0","0","0","0","0","0","0","0","0","0","0","0","0","0","0","0","0","0","0","0","0","0","0","0","0","0","0","0","0","0","0","0","0","0","0","0","0","0","0","0","0","0","0","0","0","0"
"SLK","6","0","0","0","0","0","0","0","0","0","0","0","0","0","0","0","0","0","0","0","1","0","0","0","0","0","0","0","0","0","0","0","0","0","0","0","0","0","0","0","0","0","0","0","0","0","0","0","0","0","1","0","0","0","0","1"
"SLS","6","0","0","0","0","0","0","0","0","0","0","0","0","0","0","0","0","0","0","0","1","0","0","0","0","0","0","0","0","0","0","0","0","0","0","0","0","0","0","0","0","0","0","0","0","0","0","0","0","0","1","0","0","0","0","1"
"SLW","7","0","0","0","0","0","0","0","0","0","0","0","0","0","0","0","0","0","0","0","0","0","0","0","0","0","0","0","0","0","0","0","0","0","0","0","0","0","0","0","0","0","0","0","0","0","0","0","0","0","0","0","0","0","0","0"
"SMB","4","0","1","0","1","0","0","0","0","1","0","0","0","0","1","0","1","1","0","0","1","0","0","1","0","0","1","1","0","0","0","0","0","0","1","0","0","0","1","0","1","0","0","1","0","1","0","0","0","1","1","1","0","1","0","1"
"SML","6","0","0","0","0","0","0","0","0","0","0","0","0","0","0","0","0","0","0","0","1","0","0","0","0","0","0","0","0","0","0","0","0","0","0","0","0","0","0","0","0","0","0","0","0","0","0","0","0","0","1","0","0","0","0","1"
"SNG","7","0","0","0","0","0","0","0","0","0","0","0","0","0","0","0","0","0","0","0","0","0","0","0","0","0","0","0","0","0","0","0","0","0","0","0","0","0","0","0","0","0","0","0","0","0","0","0","0","0","0","0","0","0","0","0"
"SOK","5","0","0","0","0","0","0","0","0","0","0","0","0","0","0","0","0","0","0","0","1","0","0","0","0","0","0","1","0","0","0","0","0","0","1","0","0","0","1","0","1","0","0","0","0","1","0","0","0","1","1","0","0","1","0","1"
"SPA","3","1","1","1","1","1","0","0","0","1","1","0","1","1","1","0","1","1","0","1","1","0","0","1","0","0","1","1","0","0","0","1","1","1","1","1","0","1","1","1","1","0","0","1","0","1","1","0","0","1","1","1","1","1","1","1"
"SPC","3","1","1","1","1","1","0","0","0","1","1","0","1","1","1","0","1","1","0","1","1","0","0","1","0","0","1","1","0","0","0","1","1","1","1","1","0","1","1","1","1","0","0","1","0","1","1","0","0","1","1","1","1","1","1","1"
"SPU","3","1","1","1","1","0","0","0","0","1","1","0","1","1","1","0","1","1","0","1","1","0","0","1","0","0","1","1","0","0","0","1","1","1","1","0","0","1","1","0","1","0","0","1","0","1","1","0","0","1","1","1","0","1","1","1"
"SRK","4","0","1","0","1","0","0","0","0","1","0","0","0","0","1","0","1","1","0","0","1","0","0","1","0","0","1","1","0","0","0","0","0","0","1","0","0","0","1","0","1","0","0","1","0","1","0","0","0","1","1","1","0","1","0","1"
"SRR","7","0","0","0","0","0","0","0","0","0","0","0","0","0","0","0","0","0","0","0","0","0","0","0","0","0","0","0","0","0","0","0","0","0","0","0","0","0","0","0","0","0","0","0","0","0","0","0","0","0","0","0","0","0","0","0"
"SSU","7","0","0","0","0","0","0","0","0","0","0","0","0","0","0","0","0","0","0","0","0","0","0","0","0","0","0","0","0","0","0","0","0","0","0","0","0","0","0","0","0","0","0","0","0","0","0","0","0","0","0","0","0","0","0","0"
"STG","4","0","1","0","1","0","0","0","0","1","0","0","0","0","1","0","1","1","0","0","1","0","0","1","0","0","1","1","0","0","0","0","0","0","1","0","0","0","1","0","1","0","0","1","0","1","0","0","0","1","1","1","0","1","0","1"
"SUL","4","0","1","0","1","0","0","0","0","1","0","0","0","0","1","0","1","1","0","0","1","0","0","1","0","0","1","1","0","0","0","0","0","0","1","0","0","0","1","0","1","0","0","1","0","1","0","0","0","1","1","1","0","1","0","1"
"SUR","4","0","1","0","1","0","0","0","0","1","0","0","0","0","1","0","1","1","0","0","1","0","0","1","0","0","1","1","0","0","0","0","0","0","1","0","0","0","1","0","1","0","0","1","0","1","0","0","0","1","1","1","0","1","0","1"
"SWE","2","0","0","0","0","1","0","0","0","0","0","1","0","0","0","1","0","0","1","0","0","0","0","0","0","0","0","0","0","0","0","0","0","0","0","0","1","0","0","0","0","0","0","0","0","0","0","0","0","0","0","0","0","0","0","0"
"SWI","2","0","0","0","0","1","0","0","0","0","0","1","0","0","0","1","0","0","1","0","0","0","0","0","0","0","0","0","0","0","0","0","0","0","0","0","1","0","0","0","0","0","0","0","0","0","0","0","0","0","0","0","0","0","0","0"
"SWZ","6","0","0","0","0","0","0","0","0","0","0","0","0","0","0","0","0","0","0","0","1","0","0","0","0","0","0","1","0","0","0","0","0","0","0","0","0","0","0","0","0","0","0","0","0","0","0","0","0","0","1","0","0","0","0","1"
"TAS","2","0","0","0","0","1","0","0","0","0","0","1","0","0","0","1","0","0","1","0","0","0","0","0","0","0","0","0","0","0","0","0","0","0","0","0","1","0","0","0","0","0","0","0","0","0","0","0","0","0","0","0","0","0","0","0"
"TBI","6","0","0","0","0","0","0","0","0","0","0","0","0","0","0","0","0","0","0","0","1","0","0","0","0","0","0","0","0","0","0","0","0","0","0","0","0","0","0","0","0","0","0","0","0","0","0","0","0","0","1","0","0","0","0","1"
"TEK","6","0","0","0","0","0","0","0","0","0","0","0","0","0","0","0","0","0","0","0","1","0","0","0","0","0","0","0","0","0","0","0","0","0","0","0","0","0","0","0","0","0","0","0","0","0","0","0","0","0","1","0","0","0","0","1"
"TEX","3","1","1","1","1","0","0","0","0","1","1","0","1","1","1","0","1","1","0","1","1","0","0","1","0","0","1","1","0","0","0","1","1","1","1","0","0","1","1","0","1","0","0","1","0","1","1","0","0","1","1","1","0","1","1","1"
"TGI","5","0","0","0","0","0","0","0","0","0","0","0","0","0","0","0","0","0","0","0","1","0","0","0","0","0","0","1","0","0","0","0","0","0","1","0","0","0","1","0","1","0","0","0","0","1","0","0","0","1","1","0","0","1","0","1"
"TGR","5","0","0","0","0","0","0","0","0","0","0","0","0","0","0","0","0","0","0","0","1","0","0","0","0","0","0","1","0","0","0","0","0","0","1","0","0","0","1","0","1","0","0","0","0","1","0","0","0","1","1","0","0","1","0","1"
"THL","6","0","0","0","0","0","0","0","0","0","0","0","0","0","0","0","0","0","0","0","1","0","0","0","0","0","0","0","0","0","0","0","0","0","0","0","0","0","0","0","0","0","0","0","0","0","0","0","0","0","1","0","0","0","0","1"
"TIB","4","0","1","0","1","0","0","0","0","1","0","0","0","0","1","0","1","1","0","0","1","0","0","1","0","0","1","1","0","0","0","0","0","0","1","0","0","0","1","0","1","0","0","1","0","1","0","0","1","1","1","1","0","1","0","1"
"TID","4","0","1","0","1","0","0","0","0","1","0","0","0","0","1","0","1","1","0","0","1","0","0","1","0","0","1","1","0","0","0","0","0","0","1","0","0","0","1","0","1","0","0","1","0","1","0","0","0","1","1","1","0","1","0","1"
"TIP","6","0","0","0","0","0","0","0","0","0","0","0","0","0","0","0","0","0","0","0","1","0","0","0","0","0","0","0","0","0","0","0","0","0","0","0","0","0","0","0","0","0","0","0","0","0","0","0","0","0","1","0","0","0","0","1"
"TKE","6","0","0","0","0","0","0","0","0","0","0","0","0","0","0","0","0","0","0","0","1","0","0","0","0","0","0","0","0","0","0","0","0","0","0","0","0","0","0","0","0","0","0","0","0","0","0","0","0","0","1","0","0","0","0","1"
"TMN","6","0","0","0","0","0","0","0","0","0","0","0","0","0","0","0","0","0","0","0","1","0","0","0","0","0","0","0","0","0","0","0","0","0","0","0","0","0","0","0","0","0","0","0","0","0","0","0","0","0","1","0","0","0","0","1"
"TNG","7","0","0","0","0","0","0","0","0","0","0","0","0","0","0","0","0","0","0","0","0","0","0","0","0","0","0","0","0","0","0","0","0","0","0","0","0","0","0","0","0","0","0","0","0","0","0","0","0","0","0","0","0","0","0","0"
"TPS","7","0","0","0","0","0","0","0","0","0","0","0","0","0","0","0","0","0","0","0","0","0","0","0","0","0","0","0","0","0","0","0","0","0","0","0","0","0","0","0","0","0","0","0","0","0","0","0","0","0","0","0","0","0","0","0"
"TRA","4","0","1","0","1","0","0","0","0","1","0","0","0","0","1","0","1","1","0","0","1","0","0","1","0","0","1","1","0","0","0","0","0","0","1","0","0","0","1","0","1","0","0","1","0","1","0","0","0","1","1","1","0","1","0","1"
"TRI","4","0","1","0","1","0","0","0","0","1","0","0","0","0","1","0","1","1","0","0","1","0","0","1","0","0","1","1","0","0","0","0","0","0","1","0","0","0","1","0","1","0","0","1","0","1","0","0","0","1","1","1","0","1","0","1"
"TRK","7","0","0","0","0","0","0","0","0","0","0","0","0","0","0","0","0","0","0","0","0","0","0","0","0","0","0","0","0","0","0","0","0","0","0","0","0","0","0","0","0","0","0","0","0","0","0","0","0","0","0","0","0","0","0","0"
"TRM","4","0","1","0","1","0","0","0","0","1","0","0","0","0","1","0","1","1","0","0","1","0","0","1","0","0","1","1","0","0","0","0","0","0","1","0","0","0","1","0","1","0","0","1","0","1","0","0","0","1","1","1","0","1","0","1"
"TRN","3","1","1","1","1","0","0","0","0","1","1","0","1","1","1","0","1","1","0","0","1","0","0","1","0","0","1","1","0","0","0","1","1","1","1","0","0","1","1","0","1","0","0","1","0","1","1","0","0","1","1","1","0","1","1","1"
"TRS","2","0","0","0","0","1","0","0","0","0","0","1","0","0","0","1","0","0","1","0","0","0","0","0","0","0","0","0","0","0","0","0","0","0","0","0","1","0","0","0","0","0","0","0","0","0","0","0","0","0","0","0","0","0","0","0"
"TRZ","6","0","0","0","0","0","0","0","0","0","0","0","0","0","0","0","0","0","0","0","1","0","0","0","0","0","0","0","0","0","0","0","0","0","0","0","0","0","0","0","0","0","0","0","0","0","0","0","0","0","1","0","0","0","0","1"
"TSW","7","0","0","0","0","0","0","0","0","0","0","0","0","0","0","0","0","0","0","0","0","0","0","0","0","0","0","0","0","0","0","0","0","0","0","0","0","0","0","0","0","0","0","0","0","0","0","0","0","0","0","0","0","0","0","0"
"TUA","6","0","0","0","0","0","0","0","0","0","0","0","0","0","0","0","0","0","0","0","1","0","0","0","0","0","0","0","0","0","0","0","0","0","0","0","0","0","0","0","0","0","0","0","0","0","0","0","0","0","1","0","0","0","0","1"
"TUG","4","0","1","0","1","0","0","0","0","1","0","0","0","0","1","0","1","1","0","0","1","0","0","1","0","0","1","1","0","0","0","0","0","0","1","0","0","0","1","0","1","0","0","1","0","1","0","0","0","1","1","1","0","1","0","1"
"TUN","4","0","1","0","1","0","0","0","0","1","0","0","0","0","1","0","1","1","0","0","1","0","0","1","0","0","1","1","0","0","0","0","0","0","1","0","0","0","1","0","1","0","0","1","0","1","0","0","0","1","1","1","0","1","0","1"
"TUR","4","1","1","0","1","0","0","0","0","1","0","0","0","0","1","0","1","1","0","0","1","0","0","1","0","0","1","1","0","0","0","1","1","1","1","0","0","0","1","0","1","0","0","1","0","1","0","0","0","1","1","1","0","1","1","1"
"TUS","3","1","1","1","1","0","1","0","0","1","1","0","1","1","1","0","1","1","0","0","1","0","0","1","0","0","1","1","0","0","0","1","1","1","1","0","0","1","1","0","1","0","0","1","0","1","1","0","0","1","1","1","0","1","1","1"
"UBD","2","0","0","0","0","1","0","0","0","0","0","1","0","0","0","1","0","0","1","0","0","0","0","0","0","0","0","0","0","0","0","0","0","0","0","0","1","0","0","0","0","0","0","0","0","0","0","0","0","0","0","0","0","0","0","0"
"UCA","3","1","1","1","1","0","0","0","0","1","1","0","1","1","1","0","1","1","0","1","1","0","0","1","0","0","1","1","0","0","0","1","1","1","1","0","0","1","1","0","1","0","0","1","0","1","1","0","0","1","1","1","0","1","1","1"
"ULT","7","0","0","0","0","0","0","0","0","0","0","0","0","0","0","0","0","0","0","0","0","0","0","0","0","0","0","0","0","0","0","0","0","0","0","0","0","0","0","0","0","0","0","0","0","0","0","0","0","0","0","0","0","0","0","0"
"UNT","4","0","1","0","1","0","0","0","0","1","0","0","0","0","1","0","1","1","0","0","1","0","0","1","0","0","1","1","0","0","0","0","0","0","1","0","0","0","1","0","1","0","0","1","0","1","0","0","0","1","1","1","0","1","0","1"
"URU","3","1","1","1","1","0","0","0","0","1","1","0","1","1","1","0","1","1","0","1","1","0","0","1","0","0","1","1","0","0","0","1","1","1","1","0","0","1","1","0","1","0","0","1","0","1","1","0","0","1","1","1","0","1","1","1"
"USA","1","0","0","0","0","1","0","1","1","0","0","1","0","0","0","1","0","0","1","0","0","0","1","0","0","1","0","0","0","0","0","0","0","0","0","0","1","0","0","0","0","1","1","0","1","0","0","1","0","0","0","0","0","0","0","0"
"UTE","6","0","0","0","0","0","0","0","0","0","0","0","0","0","0","0","0","0","0","0","1","0","0","0","0","0","0","0","0","0","0","0","0","0","0","0","0","0","0","0","0","0","0","0","0","0","0","0","0","0","1","0","0","0","0","1"
"UZH","4","0","1","0","1","0","0","0","0","1","0","0","0","0","1","0","1","1","0","0","1","0","0","1","0","0","1","1","0","0","0","0","0","0","1","0","0","0","1","0","1","0","0","1","0","1","0","0","0","1","1","1","0","1","0","1"
"VND","6","0","0","0","0","0","0","0","0","0","0","0","0","0","0","0","0","0","0","0","1","0","0","0","0","0","0","0","0","0","0","0","0","0","0","0","0","0","0","0","0","0","0","0","0","0","0","0","0","0","1","0","0","0","0","1"
"VNT","7","0","0","0","0","0","0","0","0","0","0","0","0","0","0","0","0","0","0","0","0","0","0","0","0","0","0","0","0","0","0","0","0","0","0","0","0","0","0","0","0","0","0","0","0","0","0","0","0","0","0","0","0","0","0","0"
"VNZ","3","1","1","1","1","0","0","0","0","1","1","0","1","1","1","0","1","1","0","1","1","0","0","1","0","0","1","1","0","0","0","1","1","1","1","0","0","1","1","0","1","0","0","1","0","1","1","0","0","1","1","1","0","1","1","1"
"WAD","5","0","0","0","0","0","0","0","0","0","0","0","0","0","0","0","0","0","0","0","1","0","0","0","0","0","0","1","0","0","0","0","0","0","1","0","0","0","1","0","1","0","0","0","0","1","0","0","0","1","1","0","0","1","0","1"
"WAL","3","1","1","1","1","0","0","0","0","1","1","0","1","1","1","0","1","1","0","0","1","0","0","1","0","0","1","1","0","0","0","1","1","1","1","0","0","1","1","0","1","0","0","1","0","1","1","0","1","1","1","1","0","1","1","1"
"WAS","2","0","0","0","0","1","0","0","0","0","0","1","0","0","0","1","0","0","1","0","0","0","0","0","0","0","0","0","0","0","0","0","0","0","0","0","1","0","0","0","0","0","0","0","0","0","0","0","0","0","0","0","0","0","0","0"
"WBL","6","0","0","0","0","0","0","0","0","0","0","0","0","0","0","0","0","0","0","0","1","0","0","0","0","0","0","1","0","0","0","0","0","0","0","0","0","0","0","0","0","0","0","0","0","1","0","0","0","0","1","0","0","1","0","1"
"WDJ","6","0","0","0","0","0","0","0","0","0","0","0","0","0","0","0","0","0","0","0","1","0","0","0","0","0","0","0","0","0","0","0","0","0","0","0","0","0","0","0","0","0","0","0","0","0","0","0","0","0","1","0","0","0","0","1"
"WEI","2","0","0","0","0","1","0","0","0","0","0","1","0","0","0","1","0","0","1","0","0","0","0","0","0","0","0","0","0","0","0","0","0","0","0","0","1","0","0","0","0","0","0","0","0","0","0","0","0","0","0","0","0","0","0","0"
"WKB","6","0","0","0","0","0","0","0","0","0","0","0","0","0","0","0","0","0","0","0","1","0","0","0","0","0","0","0","0","0","0","0","0","0","0","0","0","0","0","0","0","0","0","0","0","0","0","0","0","0","1","0","0","0","0","1"
"WLD","2","0","0","0","0","1","0","0","0","0","0","1","0","0","0","1","0","0","1","0","0","0","0","0","0","0","0","0","0","0","0","0","0","0","0","0","1","0","0","0","0","0","0","0","0","0","0","0","0","0","0","0","0","0","0","0"
"WLG","5","0","0","0","0","0","0","0","0","0","0","0","0","0","0","0","0","0","0","0","1","0","0","0","0","0","0","1","0","0","0","0","0","0","1","0","0","0","1","0","1","0","0","0","0","1","0","0","0","1","1","0","0","1","0","1"
"WLT","5","0","0","0","0","0","0","0","0","0","0","0","0","0","0","0","0","0","0","0","1","0","0","0","0","0","0","1","0","0","0","0","0","0","1","0","0","0","1","0","1","0","0","0","0","1","0","0","0","1","1","0","0","1","0","1"
"WRR","6","0","0","0","0","0","0","0","0","0","0","0","0","0","0","0","0","0","0","0","1","0","0","0","0","0","0","0","0","0","0","0","0","0","0","0","0","0","0","0","0","0","0","0","0","0","0","0","0","0","1","0","0","0","0","1"
"WSG","5","0","0","0","0","0","0","0","0","0","0","0","0","0","0","0","0","0","0","0","1","0","0","0","0","0","0","1","0","0","0","0","0","0","1","0","0","0","1","0","1","0","0","0","0","1","0","0","0","1","1","0","0","1","0","1"
"WTI","6","0","0","0","0","0","0","0","0","0","0","0","0","0","0","0","0","0","0","0","1","0","0","0","0","0","0","0","0","0","0","0","0","0","0","0","0","0","0","0","0","0","0","0","0","0","0","0","0","0","1","0","0","0","0","1"
"WTU","5","0","0","0","0","0","0","0","0","0","0","0","0","0","0","0","0","0","0","0","1","0","0","0","0","0","0","1","0","0","0","0","0","0","1","0","0","0","1","0","1","0","0","0","0","1","0","0","0","1","1","0","0","1","0","1"
"WUR","2","0","0","0","0","1","0","0","0","0","0","1","0","0","0","1","0","0","1","0","0","0","0","0","0","0","0","0","0","0","0","0","0","0","0","0","1","0","0","0","0","0","0","0","0","0","0","0","0","0","0","0","0","0","0","0"
"XHO","6","0","0","0","0","0","0","0","0","0","0","0","0","0","0","0","0","0","0","0","1","0","0","0","0","0","0","0","0","0","0","0","0","0","0","0","0","0","0","0","0","0","0","0","0","0","0","0","0","0","1","0","0","0","0","1"
"YGU","6","0","0","0","0","0","0","0","0","0","0","0","0","0","0","0","0","0","0","0","1","0","0","0","0","0","0","0","0","0","0","0","0","0","0","0","0","0","0","0","0","0","0","0","0","0","0","0","0","0","1","0","0","0","0","1"
"YKA","6","0","0","0","0","0","0","0","0","0","0","0","0","0","0","0","0","0","0","0","1","0","0","0","0","0","0","0","0","0","0","0","0","0","0","0","0","0","0","0","0","0","0","0","0","0","0","0","0","0","1","0","0","0","0","1"
"YOG","4","0","1","0","1","0","0","0","0","1","0","0","0","0","1","0","1","1","0","0","1","0","0","1","0","0","1","1","0","0","0","0","0","0","1","0","0","0","1","0","1","0","0","1","0","1","0","0","0","1","1","1","0","1","0","1"
"YUR","6","0","0","0","0","0","0","0","0","0","0","0","0","0","0","0","0","0","0","0","1","0","0","0","0","0","0","0","0","0","0","0","0","0","0","0","0","0","0","0","0","0","0","0","0","0","0","0","0","0","1","0","0","0","0","1"
"ZAI","4","0","1","0","1","0","0","0","0","1","0","0","0","0","1","0","1","1","0","0","1","0","0","1","0","0","1","1","0","0","0","0","0","0","1","0","0","0","1","0","1","0","0","1","0","1","0","0","0","1","1","1","0","1","0","1"
"ZND","7","0","0","0","0","0","0","0","0","0","0","0","0","0","0","0","0","0","0","0","0","0","0","0","0","0","0","0","0","0","0","0","0","0","0","0","0","0","0","0","0","0","0","0","0","0","0","0","0","0","0","0","0","0","0","0"
"ZUL","6","0","0","0","0","0","0","0","0","0","0","0","0","0","0","0","0","0","0","0","1","0","0","0","0","0","0","1","0","0","0","0","0","0","0","0","0","0","0","0","0","0","0","0","0","0","0","0","0","0","1","0","0","0","0","1"
"ZWY","6","0","0","0","0","0","0","0","0","0","0","0","0","0","0","0","0","0","0","0","1","0","0","0","0","0","0","0","0","0","0","0","0","0","0","0","0","0","0","0","0","0","0","0","0","0","0","0","0","0","1","0","0","0","0","1"
